hora,central,coste_salud
2023-07-01 01:00:00,A,2.1488161875
2023-07-01 01:00:00,B,9.030772675
2023-07-01 01:00:00,C,3.4229461985
2023-07-01 02:00:00,A,2.022208336
2023-07-01 02:00:00,B,7.70654579
2023-07-01 02:00:00,C,2.158659308
2023-07-01 03:00:00,A,1.728630779
2023-07-01 03:00:00,B,6.66930506
2023-07-01 03:00:00,C,1.6028896605
2023-07-01 04:00:00,A,1.960571196
2023-07-01 04:00:00,B,5.499230725
2023-07-01 04:00:00,C,1.274420841
2023-07-01 05:00:00,A,1.750138587
2023-07-01 05:00:00,B,3.93883255
2023-07-01 05:00:00,C,0.983329514
2023-07-01 06:00:00,A,1.784304764
2023-07-01 06:00:00,B,2.54433995
2023-07-01 06:00:00,C,0.802787041
2023-07-01 07:00:00,A,1.4817402815
2023-07-01 07:00:00,B,1.8787542485
2023-07-01 07:00:00,C,0.6251129595
2023-07-01 08:00:00,A,1.145664854
2023-07-01 08:00:00,B,1.573207621
2023-07-01 08:00:00,C,0.5200021265
2023-07-01 09:00:00,A,1.013453446
2023-07-01 09:00:00,B,1.257655158
2023-07-01 09:00:00,C,0.524934597
2023-07-01 10:00:00,A,0.789198322
2023-07-01 10:00:00,B,0.9417385405
2023-07-01 10:00:00,C,0.60578133
2023-07-01 11:00:00,A,0.801796408
2023-07-01 11:00:00,B,0.7310622965
2023-07-01 11:00:00,C,0.4792660225
2023-07-01 12:00:00,A,0.5377183785
2023-07-01 12:00:00,B,0.559145156
2023-07-01 12:00:00,C,0.300135195
2023-07-01 13:00:00,A,0.591004677
2023-07-01 13:00:00,B,0.61668929
2023-07-01 13:00:00,C,0.3804681595
2023-07-01 14:00:00,A,0.756609613
2023-07-01 14:00:00,B,0.8807626355
2023-07-01 14:00:00,C,0.575980782
2023-07-01 15:00:00,A,1.051581701
2023-07-01 15:00:00,B,1.558184658
2023-07-01 15:00:00,C,1.1132526955
2023-07-01 16:00:00,A,2.3295660955
2023-07-01 16:00:00,B,3.9065257045
2023-07-01 16:00:00,C,5.3537624
2023-07-01 17:00:00,A,2.469519108
2023-07-01 17:00:00,B,7.097918725
2023-07-01 17:00:00,C,14.631382975
2023-07-01 18:00:00,A,2.055028728
2023-07-01 18:00:00,B,10.2629078
2023-07-01 18:00:00,C,17.1195592
2023-07-01 19:00:00,A,1.580585712
2023-07-01 19:00:00,B,12.48853134
2023-07-01 19:00:00,C,17.34742499
2023-07-01 20:00:00,A,1.420123886
2023-07-01 20:00:00,B,15.040410145
2023-07-01 20:00:00,C,16.02131255
2023-07-01 21:00:00,A,1.2728535645
2023-07-01 21:00:00,B,17.85284663
2023-07-01 21:00:00,C,11.817553605
2023-07-01 22:00:00,A,1.3580381385
2023-07-01 22:00:00,B,19.93279312
2023-07-01 22:00:00,C,8.42723086
2023-07-01 23:00:00,A,1.4273716965
2023-07-01 23:00:00,B,19.5973752
2023-07-01 23:00:00,C,7.42074555
2023-07-02 00:00:00,A,1.470650533
2023-07-02 00:00:00,B,15.839992225
2023-07-02 00:00:00,C,6.216382325
2023-07-02 01:00:00,A,1.5702589625
2023-07-02 01:00:00,B,10.800851955
2023-07-02 01:00:00,C,4.9391114155
2023-07-02 02:00:00,A,1.6264227465
2023-07-02 02:00:00,B,8.907960465
2023-07-02 02:00:00,C,4.4524170985
2023-07-02 03:00:00,A,1.585013095
2023-07-02 03:00:00,B,7.272477585
2023-07-02 03:00:00,C,3.843534186
2023-07-02 04:00:00,A,1.6214350035
2023-07-02 04:00:00,B,5.893876275
2023-07-02 04:00:00,C,3.9210739935
2023-07-02 05:00:00,A,1.8434745575
2023-07-02 05:00:00,B,5.191780845
2023-07-02 05:00:00,C,4.786760389
2023-07-02 06:00:00,A,2.640595137
2023-07-02 06:00:00,B,4.674226366
2023-07-02 06:00:00,C,5.18939449
2023-07-02 07:00:00,A,3.08622642
2023-07-02 07:00:00,B,4.015162267
2023-07-02 07:00:00,C,4.178642601
2023-07-02 08:00:00,A,3.022187942
2023-07-02 08:00:00,B,3.127685222
2023-07-02 08:00:00,C,3.512104065
2023-07-02 09:00:00,A,1.913566028
2023-07-02 09:00:00,B,2.545428194
2023-07-02 09:00:00,C,2.932938614
2023-07-02 10:00:00,A,1.331249635
2023-07-02 10:00:00,B,2.0663074125
2023-07-02 10:00:00,C,1.904144981
2023-07-02 11:00:00,A,1.1103097245
2023-07-02 11:00:00,B,1.7907689895
2023-07-02 11:00:00,C,1.1917773775
2023-07-02 12:00:00,A,0.9643885455
2023-07-02 12:00:00,B,1.504844569
2023-07-02 12:00:00,C,0.941621096
2023-07-02 13:00:00,A,0.861454603
2023-07-02 13:00:00,B,1.091387105
2023-07-02 13:00:00,C,0.723543204
2023-07-02 14:00:00,A,0.756223623
2023-07-02 14:00:00,B,0.956417711
2023-07-02 14:00:00,C,0.6668462255
2023-07-02 15:00:00,A,0.7088565575
2023-07-02 15:00:00,B,1.083454447
2023-07-02 15:00:00,C,0.67233339
2023-07-02 16:00:00,A,0.870523337
2023-07-02 16:00:00,B,1.363895233
2023-07-02 16:00:00,C,0.7429372505
2023-07-02 17:00:00,A,1.4371013165
2023-07-02 17:00:00,B,1.700429524
2023-07-02 17:00:00,C,0.911202155
2023-07-02 18:00:00,A,1.9384890805
2023-07-02 18:00:00,B,2.165911648
2023-07-02 18:00:00,C,1.4005615555
2023-07-02 19:00:00,A,1.9974330855
2023-07-02 19:00:00,B,2.839778093
2023-07-02 19:00:00,C,2.6678388285
2023-07-02 20:00:00,A,1.51946206
2023-07-02 20:00:00,B,3.4999068505
2023-07-02 20:00:00,C,3.936215768
2023-07-02 21:00:00,A,1.081886004
2023-07-02 21:00:00,B,3.9171769595
2023-07-02 21:00:00,C,4.769084762
2023-07-02 22:00:00,A,0.830921832
2023-07-02 22:00:00,B,4.2391580555
2023-07-02 22:00:00,C,5.68306704
2023-07-02 23:00:00,A,0.6551921125
2023-07-02 23:00:00,B,4.1132900705
2023-07-02 23:00:00,C,6.54799064
2023-07-03 00:00:00,A,0.5330029265
2023-07-03 00:00:00,B,3.327972578
2023-07-03 00:00:00,C,5.7589939
2023-07-03 01:00:00,A,0.3954718835
2023-07-03 01:00:00,B,2.2345457005
2023-07-03 01:00:00,C,4.268970845
2023-07-03 02:00:00,A,0.3144778425
2023-07-03 02:00:00,B,1.6269930245
2023-07-03 02:00:00,C,2.96720736
2023-07-03 03:00:00,A,0.3303803535
2023-07-03 03:00:00,B,1.2850420025
2023-07-03 03:00:00,C,1.7811963715
2023-07-03 04:00:00,A,0.337056445
2023-07-03 04:00:00,B,1.0523717385
2023-07-03 04:00:00,C,0.9576511005
2023-07-03 05:00:00,A,0.253651585
2023-07-03 05:00:00,B,0.7050443485
2023-07-03 05:00:00,C,0.498008441
2023-07-03 06:00:00,A,0.162509821
2023-07-03 06:00:00,B,0.541403277
2023-07-03 06:00:00,C,0.4054122285
2023-07-03 07:00:00,A,0.137468924
2023-07-03 07:00:00,B,0.4337360065
2023-07-03 07:00:00,C,0.401001208
2023-07-03 08:00:00,A,0.133830935
2023-07-03 08:00:00,B,0.284536439
2023-07-03 08:00:00,C,0.4214501125
2023-07-03 09:00:00,A,0.112020702
2023-07-03 09:00:00,B,0.1754335655
2023-07-03 09:00:00,C,0.2609501265
2023-07-03 10:00:00,A,0.0907415025
2023-07-03 10:00:00,B,0.09946249
2023-07-03 10:00:00,C,0.117736321
2023-07-03 11:00:00,A,0.068849592
2023-07-03 11:00:00,B,0.053180686
2023-07-03 11:00:00,C,0.0495767855
2023-07-03 12:00:00,A,0.040559429
2023-07-03 12:00:00,B,0.031362011
2023-07-03 12:00:00,C,0.0085213375
2023-07-03 13:00:00,A,0.0225509845
2023-07-03 13:00:00,B,0.0121536175
2023-07-03 13:00:00,C,-0.013413132
2023-07-03 14:00:00,A,0.074376773
2023-07-03 14:00:00,B,0.2268187665
2023-07-03 14:00:00,C,0.2403786935
2023-07-03 15:00:00,A,0.1853455135
2023-07-03 15:00:00,B,0.8289151495
2023-07-03 15:00:00,C,0.9257073425
2023-07-03 16:00:00,A,0.325127703
2023-07-03 16:00:00,B,1.5170424915
2023-07-03 16:00:00,C,1.721275331
2023-07-03 17:00:00,A,0.479944287
2023-07-03 17:00:00,B,2.0553085495
2023-07-03 17:00:00,C,2.9629814785
2023-07-03 18:00:00,A,0.658281627
2023-07-03 18:00:00,B,2.463366342
2023-07-03 18:00:00,C,4.066578785
2023-07-03 19:00:00,A,0.8407649525
2023-07-03 19:00:00,B,3.177544559
2023-07-03 19:00:00,C,5.06206165
2023-07-03 20:00:00,A,1.0187330245
2023-07-03 20:00:00,B,3.947443045
2023-07-03 20:00:00,C,6.014875815
2023-07-03 21:00:00,A,1.156846685
2023-07-03 21:00:00,B,4.072576548
2023-07-03 21:00:00,C,5.997434405
2023-07-03 22:00:00,A,1.2082137505
2023-07-03 22:00:00,B,3.644092238
2023-07-03 22:00:00,C,5.39415844
2023-07-03 23:00:00,A,1.1650136935
2023-07-03 23:00:00,B,3.14487895
2023-07-03 23:00:00,C,4.488031767
2023-07-04 00:00:00,A,1.2820718945
2023-07-04 00:00:00,B,2.5181731195
2023-07-04 00:00:00,C,3.636990483
2023-07-04 01:00:00,A,1.484206946
2023-07-04 01:00:00,B,1.8050675765
2023-07-04 01:00:00,C,2.9496170685
2023-07-04 02:00:00,A,1.2485613915
2023-07-04 02:00:00,B,1.2873511515
2023-07-04 02:00:00,C,2.23908586
2023-07-04 03:00:00,A,0.6556329655
2023-07-04 03:00:00,B,0.864164099
2023-07-04 03:00:00,C,1.626342715
2023-07-04 04:00:00,A,0.28240066
2023-07-04 04:00:00,B,0.518360073
2023-07-04 04:00:00,C,1.155528374
2023-07-04 05:00:00,A,0.146829183
2023-07-04 05:00:00,B,0.290462229
2023-07-04 05:00:00,C,0.8310097375
2023-07-04 06:00:00,A,0.0913978705
2023-07-04 06:00:00,B,0.194970584
2023-07-04 06:00:00,C,0.6013041955
2023-07-04 07:00:00,A,0.07241473
2023-07-04 07:00:00,B,0.132893242
2023-07-04 07:00:00,C,0.398197249
2023-07-04 08:00:00,A,0.0638153525
2023-07-04 08:00:00,B,0.1039418745
2023-07-04 08:00:00,C,0.357330715
2023-07-04 09:00:00,A,0.0628238475
2023-07-04 09:00:00,B,0.080615961
2023-07-04 09:00:00,C,0.325162293
2023-07-04 10:00:00,A,0.0636894755
2023-07-04 10:00:00,B,0.06396335
2023-07-04 10:00:00,C,0.325825942
2023-07-04 11:00:00,A,0.077327967
2023-07-04 11:00:00,B,0.051204007
2023-07-04 11:00:00,C,0.2777923155
2023-07-04 12:00:00,A,0.091651968
2023-07-04 12:00:00,B,0.0365762285
2023-07-04 12:00:00,C,0.193477783
2023-07-04 13:00:00,A,0.1371936605
2023-07-04 13:00:00,B,0.0160347445
2023-07-04 13:00:00,C,0.127613349
2023-07-04 14:00:00,A,1.7420958245
2023-07-04 14:00:00,B,0.0813309105
2023-07-04 14:00:00,C,0.9726999145
2023-07-04 15:00:00,A,4.3510078995
2023-07-04 15:00:00,B,1.4129825435
2023-07-04 15:00:00,C,5.956984675
2023-07-04 16:00:00,A,5.62974447
2023-07-04 16:00:00,B,3.5875757125
2023-07-04 16:00:00,C,10.715531565
2023-07-04 17:00:00,A,5.77572223
2023-07-04 17:00:00,B,5.131145495
2023-07-04 17:00:00,C,15.71294044
2023-07-04 18:00:00,A,5.620716115
2023-07-04 18:00:00,B,6.2384508
2023-07-04 18:00:00,C,21.00032896
2023-07-04 19:00:00,A,5.19179539
2023-07-04 19:00:00,B,7.54030209
2023-07-04 19:00:00,C,24.33992876
2023-07-04 20:00:00,A,4.8793534675
2023-07-04 20:00:00,B,9.148087885
2023-07-04 20:00:00,C,26.95754752
2023-07-04 21:00:00,A,4.8351206985
2023-07-04 21:00:00,B,10.068857145
2023-07-04 21:00:00,C,25.790314575
2023-07-04 22:00:00,A,4.94703575
2023-07-04 22:00:00,B,11.622863635
2023-07-04 22:00:00,C,24.025149175
2023-07-04 23:00:00,A,5.23318008
2023-07-04 23:00:00,B,13.27789062
2023-07-04 23:00:00,C,19.816988345
2023-07-05 00:00:00,A,5.55665276
2023-07-05 00:00:00,B,16.014313685
2023-07-05 00:00:00,C,14.95571509
2023-07-05 01:00:00,A,6.082792775
2023-07-05 01:00:00,B,18.56403587
2023-07-05 01:00:00,C,12.002971285
2023-07-05 02:00:00,A,6.468465075
2023-07-05 02:00:00,B,21.631129425
2023-07-05 02:00:00,C,11.6391579
2023-07-05 03:00:00,A,6.104453145
2023-07-05 03:00:00,B,24.63803912
2023-07-05 03:00:00,C,10.882441435
2023-07-05 04:00:00,A,5.403836075
2023-07-05 04:00:00,B,23.712724745
2023-07-05 04:00:00,C,8.76925054
2023-07-05 05:00:00,A,5.0986623
2023-07-05 05:00:00,B,25.531116645
2023-07-05 05:00:00,C,8.923248045
2023-07-05 06:00:00,A,5.15782832
2023-07-05 06:00:00,B,21.94342892
2023-07-05 06:00:00,C,8.474373925
2023-07-05 07:00:00,A,5.436182825
2023-07-05 07:00:00,B,19.15037167
2023-07-05 07:00:00,C,8.46211903
2023-07-05 08:00:00,A,5.814529555
2023-07-05 08:00:00,B,15.827744645
2023-07-05 08:00:00,C,7.4102045
2023-07-05 09:00:00,A,5.1441103
2023-07-05 09:00:00,B,13.133212625
2023-07-05 09:00:00,C,6.55975093
2023-07-05 10:00:00,A,4.630720857
2023-07-05 10:00:00,B,10.762501625
2023-07-05 10:00:00,C,4.3432962735
2023-07-05 11:00:00,A,4.6478812735
2023-07-05 11:00:00,B,7.1924719
2023-07-05 11:00:00,C,2.255361852
2023-07-05 12:00:00,A,4.477148722
2023-07-05 12:00:00,B,4.6707463215
2023-07-05 12:00:00,C,1.2280245045
2023-07-05 13:00:00,A,4.655078111
2023-07-05 13:00:00,B,2.9231714885
2023-07-05 13:00:00,C,0.7661859665
2023-07-05 14:00:00,A,3.0047927775
2023-07-05 14:00:00,B,1.009600761
2023-07-05 14:00:00,C,0.4150354395
2023-07-05 15:00:00,A,3.3845435775
2023-07-05 15:00:00,B,0.85336405
2023-07-05 15:00:00,C,6.109809055
2023-07-05 16:00:00,A,7.394682425
2023-07-05 16:00:00,B,4.6294966765
2023-07-05 16:00:00,C,26.561134145
2023-07-05 17:00:00,A,10.027666925
2023-07-05 17:00:00,B,11.671118875
2023-07-05 17:00:00,C,35.42671083
2023-07-05 18:00:00,A,11.66710921
2023-07-05 18:00:00,B,16.80957968
2023-07-05 18:00:00,C,43.17977348
2023-07-05 19:00:00,A,12.963309375
2023-07-05 19:00:00,B,21.805608315
2023-07-05 19:00:00,C,52.30023395
2023-07-05 20:00:00,A,14.83606563
2023-07-05 20:00:00,B,29.52141532
2023-07-05 20:00:00,C,68.7833567
2023-07-05 21:00:00,A,16.098917315
2023-07-05 21:00:00,B,41.16462462
2023-07-05 21:00:00,C,79.0687007
2023-07-05 22:00:00,A,17.03389566
2023-07-05 22:00:00,B,54.9960376
2023-07-05 22:00:00,C,81.3507279
2023-07-05 23:00:00,A,17.0050893
2023-07-05 23:00:00,B,70.5201299
2023-07-05 23:00:00,C,76.74287335
2023-07-06 00:00:00,A,15.611847685
2023-07-06 00:00:00,B,89.0279445
2023-07-06 00:00:00,C,60.57888165
2023-07-06 01:00:00,A,13.067204175
2023-07-06 01:00:00,B,103.54822585
2023-07-06 01:00:00,C,38.888274135
2023-07-06 02:00:00,A,12.71587686
2023-07-06 02:00:00,B,105.6683271
2023-07-06 02:00:00,C,29.687979365
2023-07-06 03:00:00,A,11.61638821
2023-07-06 03:00:00,B,96.152207
2023-07-06 03:00:00,C,27.144131855
2023-07-06 04:00:00,A,12.35504607
2023-07-06 04:00:00,B,77.01472895
2023-07-06 04:00:00,C,24.40283069
2023-07-06 05:00:00,A,13.929452745
2023-07-06 05:00:00,B,70.2702892
2023-07-06 05:00:00,C,21.507889855
2023-07-06 06:00:00,A,18.63433212
2023-07-06 06:00:00,B,63.44638815
2023-07-06 06:00:00,C,19.75655417
2023-07-06 07:00:00,A,21.861128355
2023-07-06 07:00:00,B,52.7302271
2023-07-06 07:00:00,C,15.524136755
2023-07-06 08:00:00,A,22.406067705
2023-07-06 08:00:00,B,44.66655423
2023-07-06 08:00:00,C,13.45792219
2023-07-06 09:00:00,A,18.144724515
2023-07-06 09:00:00,B,36.210087565
2023-07-06 09:00:00,C,11.27205299
2023-07-06 10:00:00,A,15.449517505
2023-07-06 10:00:00,B,28.676006015
2023-07-06 10:00:00,C,10.201212925
2023-07-06 11:00:00,A,14.440816475
2023-07-06 11:00:00,B,23.492483615
2023-07-06 11:00:00,C,8.625648405
2023-07-06 12:00:00,A,12.515121035
2023-07-06 12:00:00,B,21.149199155
2023-07-06 12:00:00,C,7.23752321
2023-07-06 13:00:00,A,10.771793495
2023-07-06 13:00:00,B,20.99848674
2023-07-06 13:00:00,C,6.024144745
2023-07-06 14:00:00,A,8.594635215
2023-07-06 14:00:00,B,24.943418365
2023-07-06 14:00:00,C,4.409203333
2023-07-06 15:00:00,A,7.283365215
2023-07-06 15:00:00,B,25.38050885
2023-07-06 15:00:00,C,6.534654165
2023-07-06 16:00:00,A,7.74861773
2023-07-06 16:00:00,B,29.290843475
2023-07-06 16:00:00,C,14.867744905
2023-07-06 17:00:00,A,7.070314245
2023-07-06 17:00:00,B,30.98375488
2023-07-06 17:00:00,C,20.104181905
2023-07-06 18:00:00,A,6.770670595
2023-07-06 18:00:00,B,33.697331455
2023-07-06 18:00:00,C,24.61751266
2023-07-06 19:00:00,A,6.577504855
2023-07-06 19:00:00,B,36.639023485
2023-07-06 19:00:00,C,28.18785735
2023-07-06 20:00:00,A,6.47551554
2023-07-06 20:00:00,B,41.040903325
2023-07-06 20:00:00,C,30.59921396
2023-07-06 21:00:00,A,6.375445385
2023-07-06 21:00:00,B,47.840621405
2023-07-06 21:00:00,C,30.771687445
2023-07-06 22:00:00,A,6.194973815
2023-07-06 22:00:00,B,50.1490075
2023-07-06 22:00:00,C,26.663582895
2023-07-06 23:00:00,A,5.605944235
2023-07-06 23:00:00,B,46.281137155
2023-07-06 23:00:00,C,20.56147968
2023-07-07 00:00:00,A,5.05577248
2023-07-07 00:00:00,B,36.09840835
2023-07-07 00:00:00,C,16.96855493
2023-07-07 01:00:00,A,4.464976418
2023-07-07 01:00:00,B,30.44105927
2023-07-07 01:00:00,C,14.5538726
2023-07-07 02:00:00,A,3.9338029555
2023-07-07 02:00:00,B,28.794024255
2023-07-07 02:00:00,C,12.88113177
2023-07-07 03:00:00,A,3.5392608605
2023-07-07 03:00:00,B,25.57830822
2023-07-07 03:00:00,C,10.921012465
2023-07-07 04:00:00,A,3.181019326
2023-07-07 04:00:00,B,21.717755945
2023-07-07 04:00:00,C,9.177877285
2023-07-07 05:00:00,A,2.6414648445
2023-07-07 05:00:00,B,17.950341515
2023-07-07 05:00:00,C,7.7069389
2023-07-07 06:00:00,A,2.2591454275
2023-07-07 06:00:00,B,14.94245717
2023-07-07 06:00:00,C,7.18729805
2023-07-07 07:00:00,A,2.059826478
2023-07-07 07:00:00,B,14.233743375
2023-07-07 07:00:00,C,8.194523185
2023-07-07 08:00:00,A,1.913009975
2023-07-07 08:00:00,B,12.35688032
2023-07-07 08:00:00,C,9.307425075
2023-07-07 09:00:00,A,1.776838864
2023-07-07 09:00:00,B,11.31433729
2023-07-07 09:00:00,C,9.09444485
2023-07-07 10:00:00,A,1.650707064
2023-07-07 10:00:00,B,10.54281179
2023-07-07 10:00:00,C,8.57936753
2023-07-07 11:00:00,A,1.619670118
2023-07-07 11:00:00,B,9.74160478
2023-07-07 11:00:00,C,8.482904475
2023-07-07 12:00:00,A,1.431917615
2023-07-07 12:00:00,B,8.63633842
2023-07-07 12:00:00,C,8.41004029
2023-07-07 13:00:00,A,1.366743782
2023-07-07 13:00:00,B,8.632159685
2023-07-07 13:00:00,C,8.563306735
2023-07-07 14:00:00,A,1.410096973
2023-07-07 14:00:00,B,11.3335115
2023-07-07 14:00:00,C,7.224784095
2023-07-07 15:00:00,A,1.521624918
2023-07-07 15:00:00,B,10.603125825
2023-07-07 15:00:00,C,5.8024815
2023-07-07 16:00:00,A,1.632434914
2023-07-07 16:00:00,B,8.43094985
2023-07-07 16:00:00,C,5.28158999
2023-07-07 17:00:00,A,1.7854072855
2023-07-07 17:00:00,B,8.197077305
2023-07-07 17:00:00,C,5.43525764
2023-07-07 18:00:00,A,1.8637237295
2023-07-07 18:00:00,B,9.93542831
2023-07-07 18:00:00,C,6.247464655
2023-07-07 19:00:00,A,1.9415680695
2023-07-07 19:00:00,B,10.062568605
2023-07-07 19:00:00,C,6.042756045
2023-07-07 20:00:00,A,2.063228101
2023-07-07 20:00:00,B,9.08064869
2023-07-07 20:00:00,C,5.497322785
2023-07-07 21:00:00,A,2.171068163
2023-07-07 21:00:00,B,8.00261817
2023-07-07 21:00:00,C,5.19708034
2023-07-07 22:00:00,A,2.2686720665
2023-07-07 22:00:00,B,7.79570292
2023-07-07 22:00:00,C,5.05859052
2023-07-07 23:00:00,A,2.3806778475
2023-07-07 23:00:00,B,8.92290376
2023-07-07 23:00:00,C,5.131390695
2023-07-08 00:00:00,A,2.552293244
2023-07-08 00:00:00,B,10.492890595
2023-07-08 00:00:00,C,5.447760135
2023-07-08 01:00:00,A,2.6069149965
2023-07-08 01:00:00,B,11.39636948
2023-07-08 01:00:00,C,5.542919045
2023-07-08 02:00:00,A,2.5344471555
2023-07-08 02:00:00,B,11.947478335
2023-07-08 02:00:00,C,5.61740952
2023-07-08 03:00:00,A,2.310920632
2023-07-08 03:00:00,B,12.544677375
2023-07-08 03:00:00,C,5.702973405
2023-07-08 04:00:00,A,2.189174885
2023-07-08 04:00:00,B,13.196130115
2023-07-08 04:00:00,C,5.747756805
2023-07-08 05:00:00,A,2.4089358955
2023-07-08 05:00:00,B,13.748168495
2023-07-08 05:00:00,C,5.92899785
2023-07-08 06:00:00,A,2.670439111
2023-07-08 06:00:00,B,13.928454045
2023-07-08 06:00:00,C,6.509199935
2023-07-08 07:00:00,A,2.57842893
2023-07-08 07:00:00,B,13.810996475
2023-07-08 07:00:00,C,7.61433518
2023-07-08 08:00:00,A,2.5875771495
2023-07-08 08:00:00,B,14.73662751
2023-07-08 08:00:00,C,7.673671255
2023-07-08 09:00:00,A,2.3145863715
2023-07-08 09:00:00,B,12.805982605
2023-07-08 09:00:00,C,7.5301708
2023-07-08 10:00:00,A,1.6768612295
2023-07-08 10:00:00,B,8.732273765
2023-07-08 10:00:00,C,7.06216987
2023-07-08 11:00:00,A,1.846533742
2023-07-08 11:00:00,B,6.39229605
2023-07-08 11:00:00,C,5.730016995
2023-07-08 12:00:00,A,2.1340391755
2023-07-08 12:00:00,B,4.727227249
2023-07-08 12:00:00,C,4.316689576
2023-07-08 13:00:00,A,2.5323879995
2023-07-08 13:00:00,B,3.8746551015
2023-07-08 13:00:00,C,3.4095181685
2023-07-08 14:00:00,A,2.8887546575
2023-07-08 14:00:00,B,3.532112389
2023-07-08 14:00:00,C,2.6684469195
2023-07-08 15:00:00,A,3.7176750505
2023-07-08 15:00:00,B,4.050715704
2023-07-08 15:00:00,C,2.681263892
2023-07-08 16:00:00,A,5.160077715
2023-07-08 16:00:00,B,4.6833460165
2023-07-08 16:00:00,C,3.5363631825
2023-07-08 17:00:00,A,6.81173708
2023-07-08 17:00:00,B,6.441024945
2023-07-08 17:00:00,C,11.986322925
2023-07-08 18:00:00,A,7.793931185
2023-07-08 18:00:00,B,9.38640302
2023-07-08 18:00:00,C,26.17031472
2023-07-08 19:00:00,A,8.35935936
2023-07-08 19:00:00,B,11.928479675
2023-07-08 19:00:00,C,33.343546925
2023-07-08 20:00:00,A,8.88581658
2023-07-08 20:00:00,B,13.21144997
2023-07-08 20:00:00,C,33.801401655
2023-07-08 21:00:00,A,9.124850535
2023-07-08 21:00:00,B,12.87348073
2023-07-08 21:00:00,C,26.293644725
2023-07-08 22:00:00,A,9.139229025
2023-07-08 22:00:00,B,11.41173577
2023-07-08 22:00:00,C,18.51126343
2023-07-08 23:00:00,A,9.366775105
2023-07-08 23:00:00,B,9.9788416
2023-07-08 23:00:00,C,13.410665415
2023-07-09 00:00:00,A,9.63964727
2023-07-09 00:00:00,B,8.88798898
2023-07-09 00:00:00,C,10.569035525
2023-07-09 01:00:00,A,9.62173119
2023-07-09 01:00:00,B,8.029913075
2023-07-09 01:00:00,C,8.43120817
2023-07-09 02:00:00,A,9.300108705
2023-07-09 02:00:00,B,6.92615956
2023-07-09 02:00:00,C,7.07999539
2023-07-09 03:00:00,A,8.86028962
2023-07-09 03:00:00,B,5.96308201
2023-07-09 03:00:00,C,6.278068715
2023-07-09 04:00:00,A,8.464040515
2023-07-09 04:00:00,B,6.03564466
2023-07-09 04:00:00,C,5.993226765
2023-07-09 05:00:00,A,9.1306961
2023-07-09 05:00:00,B,6.51634196
2023-07-09 05:00:00,C,5.892548895
2023-07-09 06:00:00,A,9.455006495
2023-07-09 06:00:00,B,7.708373785
2023-07-09 06:00:00,C,6.629692955
2023-07-09 07:00:00,A,9.735008915
2023-07-09 07:00:00,B,7.90431936
2023-07-09 07:00:00,C,6.6469853
2023-07-09 08:00:00,A,9.46762597
2023-07-09 08:00:00,B,7.492143215
2023-07-09 08:00:00,C,6.456050705
2023-07-09 09:00:00,A,8.204037875
2023-07-09 09:00:00,B,6.782454365
2023-07-09 09:00:00,C,5.661264895
2023-07-09 10:00:00,A,6.93092764
2023-07-09 10:00:00,B,5.907065525
2023-07-09 10:00:00,C,4.737788353
2023-07-09 11:00:00,A,6.67571338
2023-07-09 11:00:00,B,5.390745125
2023-07-09 11:00:00,C,4.1649617965
2023-07-09 12:00:00,A,6.48873329
2023-07-09 12:00:00,B,4.9023716405
2023-07-09 12:00:00,C,4.0079030655
2023-07-09 13:00:00,A,6.57584382
2023-07-09 13:00:00,B,5.13730564
2023-07-09 13:00:00,C,4.220629734
2023-07-09 14:00:00,A,6.581444115
2023-07-09 14:00:00,B,7.70203913
2023-07-09 14:00:00,C,5.7080213
2023-07-09 15:00:00,A,6.81223447
2023-07-09 15:00:00,B,14.10534784
2023-07-09 15:00:00,C,10.994696335
2023-07-09 16:00:00,A,6.70005271
2023-07-09 16:00:00,B,27.57545934
2023-07-09 16:00:00,C,16.32485667
2023-07-09 17:00:00,A,6.19975833
2023-07-09 17:00:00,B,40.254469935
2023-07-09 17:00:00,C,19.03911917
2023-07-09 18:00:00,A,5.70994544
2023-07-09 18:00:00,B,46.567881735
2023-07-09 18:00:00,C,20.692691535
2023-07-09 19:00:00,A,5.36516416
2023-07-09 19:00:00,B,50.5867965
2023-07-09 19:00:00,C,22.126918135
2023-07-09 20:00:00,A,4.9302971705
2023-07-09 20:00:00,B,53.1653975
2023-07-09 20:00:00,C,23.5392167
2023-07-09 21:00:00,A,4.247425226
2023-07-09 21:00:00,B,51.7935471
2023-07-09 21:00:00,C,21.691462445
2023-07-09 22:00:00,A,3.340408589
2023-07-09 22:00:00,B,42.660845895
2023-07-09 22:00:00,C,16.53561277
2023-07-09 23:00:00,A,2.6099952935
2023-07-09 23:00:00,B,34.65611324
2023-07-09 23:00:00,C,12.699475715
2023-07-10 00:00:00,A,1.9554357285
2023-07-10 00:00:00,B,30.64352843
2023-07-10 00:00:00,C,10.41363735
2023-07-10 01:00:00,A,1.603402118
2023-07-10 01:00:00,B,28.163787525
2023-07-10 01:00:00,C,8.71394607
2023-07-10 02:00:00,A,1.4578385585
2023-07-10 02:00:00,B,25.2669979
2023-07-10 02:00:00,C,7.753718015
2023-07-10 03:00:00,A,1.5505590465
2023-07-10 03:00:00,B,22.77549147
2023-07-10 03:00:00,C,7.19716824
2023-07-10 04:00:00,A,1.619477037
2023-07-10 04:00:00,B,21.81385058
2023-07-10 04:00:00,C,6.934049765
2023-07-10 05:00:00,A,1.568665475
2023-07-10 05:00:00,B,21.52342006
2023-07-10 05:00:00,C,7.058363975
2023-07-10 06:00:00,A,1.3148382665
2023-07-10 06:00:00,B,23.81822215
2023-07-10 06:00:00,C,8.85904391
2023-07-10 07:00:00,A,1.0305576775
2023-07-10 07:00:00,B,22.554560095
2023-07-10 07:00:00,C,9.76141093
2023-07-10 08:00:00,A,0.733207872
2023-07-10 08:00:00,B,20.252135775
2023-07-10 08:00:00,C,9.838349155
2023-07-10 09:00:00,A,0.580688449
2023-07-10 09:00:00,B,17.99154627
2023-07-10 09:00:00,C,9.162673825
2023-07-10 10:00:00,A,0.571869293
2023-07-10 10:00:00,B,14.92169118
2023-07-10 10:00:00,C,7.24173765
2023-07-10 11:00:00,A,0.541836831
2023-07-10 11:00:00,B,12.662949595
2023-07-10 11:00:00,C,5.774100295
2023-07-10 12:00:00,A,0.4820799225
2023-07-10 12:00:00,B,11.29239853
2023-07-10 12:00:00,C,5.272929365
2023-07-10 13:00:00,A,0.444870547
2023-07-10 13:00:00,B,10.63464793
2023-07-10 13:00:00,C,5.108860115
2023-07-10 14:00:00,A,0.3703144455
2023-07-10 14:00:00,B,9.43977373
2023-07-10 14:00:00,C,4.6525944085
2023-07-10 15:00:00,A,0.4062914835
2023-07-10 15:00:00,B,9.19555823
2023-07-10 15:00:00,C,5.597534305
2023-07-10 16:00:00,A,0.5744956265
2023-07-10 16:00:00,B,9.017393885
2023-07-10 16:00:00,C,10.239203275
2023-07-10 17:00:00,A,0.527320171
2023-07-10 17:00:00,B,7.87575171
2023-07-10 17:00:00,C,13.19710238
2023-07-10 18:00:00,A,0.4784343
2023-07-10 18:00:00,B,6.47029062
2023-07-10 18:00:00,C,15.477889795
2023-07-10 19:00:00,A,0.516340642
2023-07-10 19:00:00,B,5.718077775
2023-07-10 19:00:00,C,16.901798435
2023-07-10 20:00:00,A,0.6403366655
2023-07-10 20:00:00,B,5.896228005
2023-07-10 20:00:00,C,17.967229385
2023-07-10 21:00:00,A,0.8478356255
2023-07-10 21:00:00,B,6.30302563
2023-07-10 21:00:00,C,18.45212442
2023-07-10 22:00:00,A,1.081534762
2023-07-10 22:00:00,B,6.99653119
2023-07-10 22:00:00,C,17.71796605
2023-07-10 23:00:00,A,1.1716527605
2023-07-10 23:00:00,B,7.91129797
2023-07-10 23:00:00,C,15.002998035
2023-07-11 00:00:00,A,0.992644991
2023-07-11 00:00:00,B,9.271063765
2023-07-11 00:00:00,C,11.354201765
2023-07-11 01:00:00,A,0.6883502265
2023-07-11 01:00:00,B,9.943653375
2023-07-11 01:00:00,C,8.48942081
2023-07-11 02:00:00,A,0.484064017
2023-07-11 02:00:00,B,9.571000195
2023-07-11 02:00:00,C,6.895591955
2023-07-11 03:00:00,A,0.3697755985
2023-07-11 03:00:00,B,9.166958135
2023-07-11 03:00:00,C,5.1923528
2023-07-11 04:00:00,A,0.357548775
2023-07-11 04:00:00,B,9.00230139
2023-07-11 04:00:00,C,3.8881835815
2023-07-11 05:00:00,A,0.33151283
2023-07-11 05:00:00,B,8.98595654
2023-07-11 05:00:00,C,3.0009095975
2023-07-11 06:00:00,A,0.3103927255
2023-07-11 06:00:00,B,8.264667235
2023-07-11 06:00:00,C,2.77901934
2023-07-11 07:00:00,A,0.276336875
2023-07-11 07:00:00,B,6.33452725
2023-07-11 07:00:00,C,2.1404555025
2023-07-11 08:00:00,A,0.24531865
2023-07-11 08:00:00,B,4.3322403005
2023-07-11 08:00:00,C,1.743911462
2023-07-11 09:00:00,A,0.210891364
2023-07-11 09:00:00,B,2.8556300075
2023-07-11 09:00:00,C,1.413096994
2023-07-11 10:00:00,A,0.179761377
2023-07-11 10:00:00,B,1.8379080315
2023-07-11 10:00:00,C,1.0156269205
2023-07-11 11:00:00,A,0.1699020955
2023-07-11 11:00:00,B,1.2976062065
2023-07-11 11:00:00,C,0.796946492
2023-07-11 12:00:00,A,0.158566861
2023-07-11 12:00:00,B,0.940496549
2023-07-11 12:00:00,C,0.632756451
2023-07-11 13:00:00,A,0.1560026125
2023-07-11 13:00:00,B,0.5990988305
2023-07-11 13:00:00,C,0.409487597
2023-07-11 14:00:00,A,0.2357387175
2023-07-11 14:00:00,B,0.5140364055
2023-07-11 14:00:00,C,0.881610487
2023-07-11 15:00:00,A,0.665541998
2023-07-11 15:00:00,B,2.6843011155
2023-07-11 15:00:00,C,3.2674947585
2023-07-11 16:00:00,A,0.964217089
2023-07-11 16:00:00,B,5.84963763
2023-07-11 16:00:00,C,5.25676903
2023-07-11 17:00:00,A,1.0387711205
2023-07-11 17:00:00,B,5.7164761
2023-07-11 17:00:00,C,6.424657155
2023-07-11 18:00:00,A,1.0196952215
2023-07-11 18:00:00,B,4.816995288
2023-07-11 18:00:00,C,5.727662345
2023-07-11 19:00:00,A,0.9168542995
2023-07-11 19:00:00,B,4.233450419
2023-07-11 19:00:00,C,4.0859519155
2023-07-11 20:00:00,A,0.756281192
2023-07-11 20:00:00,B,3.591429789
2023-07-11 20:00:00,C,2.3291371135
2023-07-11 21:00:00,A,0.4837562085
2023-07-11 21:00:00,B,3.128221312
2023-07-11 21:00:00,C,1.907003957
2023-07-11 22:00:00,A,0.2879855185
2023-07-11 22:00:00,B,3.2285605335
2023-07-11 22:00:00,C,2.0877264465
2023-07-11 23:00:00,A,0.1645799715
2023-07-11 23:00:00,B,4.2536629985
2023-07-11 23:00:00,C,1.9201466595
2023-07-12 00:00:00,A,0.1624865875
2023-07-12 00:00:00,B,5.13985584
2023-07-12 00:00:00,C,1.420584158
2023-07-12 01:00:00,A,0.1362928685
2023-07-12 01:00:00,B,4.723997358
2023-07-12 01:00:00,C,1.007921287
2023-07-12 02:00:00,A,0.108385456
2023-07-12 02:00:00,B,3.8820477745
2023-07-12 02:00:00,C,0.8085140235
2023-07-12 03:00:00,A,0.092720987
2023-07-12 03:00:00,B,3.0103602175
2023-07-12 03:00:00,C,0.604026293
2023-07-12 04:00:00,A,0.10706916
2023-07-12 04:00:00,B,2.419488073
2023-07-12 04:00:00,C,0.3809040365
2023-07-12 05:00:00,A,0.12290321
2023-07-12 05:00:00,B,2.1086236885
2023-07-12 05:00:00,C,0.221186701
2023-07-12 06:00:00,A,0.1280431765
2023-07-12 06:00:00,B,1.7178429135
2023-07-12 06:00:00,C,0.142431538
2023-07-12 07:00:00,A,0.112849504
2023-07-12 07:00:00,B,1.251894059
2023-07-12 07:00:00,C,0.1032511335
2023-07-12 08:00:00,A,0.089671842
2023-07-12 08:00:00,B,0.891515433
2023-07-12 08:00:00,C,0.0820130325
2023-07-12 09:00:00,A,0.063749734
2023-07-12 09:00:00,B,0.5714874195
2023-07-12 09:00:00,C,0.063584319
2023-07-12 10:00:00,A,0.039010675
2023-07-12 10:00:00,B,0.3793792475
2023-07-12 10:00:00,C,0.0527743945
2023-07-12 11:00:00,A,0.0279856795
2023-07-12 11:00:00,B,0.2708617285
2023-07-12 11:00:00,C,0.044159168
2023-07-12 12:00:00,A,0.0228399015
2023-07-12 12:00:00,B,0.2053322055
2023-07-12 12:00:00,C,0.0384507405
2023-07-12 13:00:00,A,0.020974597
2023-07-12 13:00:00,B,0.2469000465
2023-07-12 13:00:00,C,0.055147771
2023-07-12 14:00:00,A,0.040032238
2023-07-12 14:00:00,B,0.7741146005
2023-07-12 14:00:00,C,0.821971459
2023-07-12 15:00:00,A,0.66648539
2023-07-12 15:00:00,B,6.65189961
2023-07-12 15:00:00,C,4.0311984695
2023-07-12 16:00:00,A,1.541777111
2023-07-12 16:00:00,B,20.53212463
2023-07-12 16:00:00,C,9.07504947
2023-07-12 17:00:00,A,1.4689947165
2023-07-12 17:00:00,B,24.95930423
2023-07-12 17:00:00,C,9.900523835
2023-07-12 18:00:00,A,1.30486703
2023-07-12 18:00:00,B,29.519942905
2023-07-12 18:00:00,C,9.60670694
2023-07-12 19:00:00,A,1.4583375435
2023-07-12 19:00:00,B,35.52290481
2023-07-12 19:00:00,C,9.75857334
2023-07-12 20:00:00,A,1.680636394
2023-07-12 20:00:00,B,38.54893707
2023-07-12 20:00:00,C,11.19183266
2023-07-12 21:00:00,A,1.7518346655
2023-07-12 21:00:00,B,39.531105485
2023-07-12 21:00:00,C,11.64100723
2023-07-12 22:00:00,A,1.8045774635
2023-07-12 22:00:00,B,43.878774825
2023-07-12 22:00:00,C,11.597362315
2023-07-12 23:00:00,A,1.8091248645
2023-07-12 23:00:00,B,46.609375115
2023-07-12 23:00:00,C,10.483591535
2023-07-13 00:00:00,A,1.7592916005
2023-07-13 00:00:00,B,46.71962638
2023-07-13 00:00:00,C,8.562726495
2023-07-13 01:00:00,A,1.682052511
2023-07-13 01:00:00,B,41.450485325
2023-07-13 01:00:00,C,5.449848155
2023-07-13 02:00:00,A,1.5648990165
2023-07-13 02:00:00,B,40.21253625
2023-07-13 02:00:00,C,4.7391822595
2023-07-13 03:00:00,A,1.4920981395
2023-07-13 03:00:00,B,36.74973826
2023-07-13 03:00:00,C,4.3246943905
2023-07-13 04:00:00,A,1.293834369
2023-07-13 04:00:00,B,29.129444165
2023-07-13 04:00:00,C,3.9403546715
2023-07-13 05:00:00,A,1.205927983
2023-07-13 05:00:00,B,24.155090405
2023-07-13 05:00:00,C,3.7890046935
2023-07-13 06:00:00,A,1.210850283
2023-07-13 06:00:00,B,20.611367655
2023-07-13 06:00:00,C,3.785348456
2023-07-13 07:00:00,A,1.226855836
2023-07-13 07:00:00,B,16.984159115
2023-07-13 07:00:00,C,3.6637008475
2023-07-13 08:00:00,A,1.263366779
2023-07-13 08:00:00,B,15.13361235
2023-07-13 08:00:00,C,3.9660871215
2023-07-13 09:00:00,A,1.249807529
2023-07-13 09:00:00,B,14.30972023
2023-07-13 09:00:00,C,3.9897076145
2023-07-13 10:00:00,A,1.223294568
2023-07-13 10:00:00,B,12.56200855
2023-07-13 10:00:00,C,3.8571020385
2023-07-13 11:00:00,A,1.189887544
2023-07-13 11:00:00,B,10.864489235
2023-07-13 11:00:00,C,3.4664555275
2023-07-13 12:00:00,A,1.069502116
2023-07-13 12:00:00,B,10.566101765
2023-07-13 12:00:00,C,3.283677499
2023-07-13 13:00:00,A,0.928539698
2023-07-13 13:00:00,B,10.63459819
2023-07-13 13:00:00,C,3.4649524775
2023-07-13 14:00:00,A,0.759038418
2023-07-13 14:00:00,B,8.86087037
2023-07-13 14:00:00,C,3.0984916825
2023-07-13 15:00:00,A,0.9944344815
2023-07-13 15:00:00,B,10.02447762
2023-07-13 15:00:00,C,6.030045595
2023-07-13 16:00:00,A,2.119478088
2023-07-13 16:00:00,B,15.143838665
2023-07-13 16:00:00,C,14.90377129
2023-07-13 17:00:00,A,3.4523331195
2023-07-13 17:00:00,B,20.563956655
2023-07-13 17:00:00,C,19.993525625
2023-07-13 18:00:00,A,4.1621698045
2023-07-13 18:00:00,B,26.1510619
2023-07-13 18:00:00,C,24.494089985
2023-07-13 19:00:00,A,4.3636084285
2023-07-13 19:00:00,B,32.688659865
2023-07-13 19:00:00,C,27.59434621
2023-07-13 20:00:00,A,4.353360555
2023-07-13 20:00:00,B,37.75226692
2023-07-13 20:00:00,C,27.617825595
2023-07-13 21:00:00,A,4.2094686295
2023-07-13 21:00:00,B,38.6693817
2023-07-13 21:00:00,C,24.7853808
2023-07-13 22:00:00,A,4.069611351
2023-07-13 22:00:00,B,33.377050935
2023-07-13 22:00:00,C,19.839876975
2023-07-13 23:00:00,A,3.839454674
2023-07-13 23:00:00,B,25.20691944
2023-07-13 23:00:00,C,14.465588325
2023-07-14 00:00:00,A,3.397181438
2023-07-14 00:00:00,B,18.17638609
2023-07-14 00:00:00,C,11.12498633
2023-07-14 01:00:00,A,3.0404077295
2023-07-14 01:00:00,B,13.51772084
2023-07-14 01:00:00,C,8.757367345
2023-07-14 02:00:00,A,2.7448950045
2023-07-14 02:00:00,B,10.78475866
2023-07-14 02:00:00,C,7.79388658
2023-07-14 03:00:00,A,2.702143651
2023-07-14 03:00:00,B,8.866038185
2023-07-14 03:00:00,C,8.103139315
2023-07-14 04:00:00,A,2.600205563
2023-07-14 04:00:00,B,8.435674485
2023-07-14 04:00:00,C,10.543523385
2023-07-14 05:00:00,A,2.621540843
2023-07-14 05:00:00,B,8.388085815
2023-07-14 05:00:00,C,13.071411035
2023-07-14 06:00:00,A,2.701415547
2023-07-14 06:00:00,B,8.320635815
2023-07-14 06:00:00,C,15.030293175
2023-07-14 07:00:00,A,2.969088908
2023-07-14 07:00:00,B,8.668019365
2023-07-14 07:00:00,C,14.673233715
2023-07-14 08:00:00,A,3.6394948945
2023-07-14 08:00:00,B,8.95717972
2023-07-14 08:00:00,C,13.98815214
2023-07-14 09:00:00,A,4.3521004205
2023-07-14 09:00:00,B,8.69799926
2023-07-14 09:00:00,C,12.835444725
2023-07-14 10:00:00,A,5.28772865
2023-07-14 10:00:00,B,7.738499775
2023-07-14 10:00:00,C,11.08775132
2023-07-14 11:00:00,A,5.754286045
2023-07-14 11:00:00,B,7.049386885
2023-07-14 11:00:00,C,9.237289695
2023-07-14 12:00:00,A,5.912125965
2023-07-14 12:00:00,B,6.06433448
2023-07-14 12:00:00,C,8.110252025
2023-07-14 13:00:00,A,5.48270366
2023-07-14 13:00:00,B,5.75681016
2023-07-14 13:00:00,C,6.6161322
2023-07-14 14:00:00,A,5.21355437
2023-07-14 14:00:00,B,6.715978975
2023-07-14 14:00:00,C,7.330279535
2023-07-14 15:00:00,A,4.555092221
2023-07-14 15:00:00,B,7.172636415
2023-07-14 15:00:00,C,8.523338885
2023-07-14 16:00:00,A,4.0090556205
2023-07-14 16:00:00,B,6.709083855
2023-07-14 16:00:00,C,8.666069515
2023-07-14 17:00:00,A,4.321196897
2023-07-14 17:00:00,B,8.41138173
2023-07-14 17:00:00,C,11.68228354
2023-07-14 18:00:00,A,4.802770145
2023-07-14 18:00:00,B,10.772587715
2023-07-14 18:00:00,C,16.61909585
2023-07-14 19:00:00,A,5.184109225
2023-07-14 19:00:00,B,12.09231896
2023-07-14 19:00:00,C,20.74236511
2023-07-14 20:00:00,A,5.273157795
2023-07-14 20:00:00,B,12.1747151
2023-07-14 20:00:00,C,25.007599465
2023-07-14 21:00:00,A,5.231374755
2023-07-14 21:00:00,B,11.0505958
2023-07-14 21:00:00,C,27.511571895
2023-07-14 22:00:00,A,5.0505294
2023-07-14 22:00:00,B,9.892719305
2023-07-14 22:00:00,C,26.737470295
2023-07-14 23:00:00,A,4.5976302585
2023-07-14 23:00:00,B,9.363155555
2023-07-14 23:00:00,C,23.86157836
2023-07-15 00:00:00,A,3.909421175
2023-07-15 00:00:00,B,8.119194225
2023-07-15 00:00:00,C,19.988358515
2023-07-15 01:00:00,A,3.314315063
2023-07-15 01:00:00,B,6.12563506
2023-07-15 01:00:00,C,17.033609625
2023-07-15 02:00:00,A,2.9318187525
2023-07-15 02:00:00,B,4.6281234285
2023-07-15 02:00:00,C,15.46082114
2023-07-15 03:00:00,A,2.5413334535
2023-07-15 03:00:00,B,4.610333023
2023-07-15 03:00:00,C,12.406533005
2023-07-15 04:00:00,A,1.7641005715
2023-07-15 04:00:00,B,4.191221295
2023-07-15 04:00:00,C,8.866475155
2023-07-15 05:00:00,A,1.721445576
2023-07-15 05:00:00,B,3.2613176455
2023-07-15 05:00:00,C,5.893007
2023-07-15 06:00:00,A,1.882710887
2023-07-15 06:00:00,B,2.5380687615
2023-07-15 06:00:00,C,5.073138115
2023-07-15 07:00:00,A,2.0464090625
2023-07-15 07:00:00,B,2.2278635885
2023-07-15 07:00:00,C,3.9070825815
2023-07-15 08:00:00,A,2.1551238435
2023-07-15 08:00:00,B,2.051330406
2023-07-15 08:00:00,C,3.458874997
2023-07-15 09:00:00,A,1.9179819375
2023-07-15 09:00:00,B,1.9034352185
2023-07-15 09:00:00,C,3.094263296
2023-07-15 10:00:00,A,1.420574287
2023-07-15 10:00:00,B,1.766068338
2023-07-15 10:00:00,C,3.144132868
2023-07-15 11:00:00,A,1.3043366305
2023-07-15 11:00:00,B,1.642711074
2023-07-15 11:00:00,C,3.0473323855
2023-07-15 12:00:00,A,1.068953841
2023-07-15 12:00:00,B,1.5225694665
2023-07-15 12:00:00,C,2.786072134
2023-07-15 13:00:00,A,0.929833087
2023-07-15 13:00:00,B,1.341727494
2023-07-15 13:00:00,C,2.351610237
2023-07-15 14:00:00,A,0.593941889
2023-07-15 14:00:00,B,1.503098763
2023-07-15 14:00:00,C,1.7813814455
2023-07-15 15:00:00,A,0.3757653115
2023-07-15 15:00:00,B,4.1924031855
2023-07-15 15:00:00,C,2.7049836855
2023-07-15 16:00:00,A,0.269138362
2023-07-15 16:00:00,B,9.967250195
2023-07-15 16:00:00,C,6.795908595
2023-07-15 17:00:00,A,0.342865057
2023-07-15 17:00:00,B,17.92590036
2023-07-15 17:00:00,C,9.19982776
2023-07-15 18:00:00,A,0.490511057
2023-07-15 18:00:00,B,23.18653711
2023-07-15 18:00:00,C,11.526241815
2023-07-15 19:00:00,A,0.542231815
2023-07-15 19:00:00,B,25.488697635
2023-07-15 19:00:00,C,14.41137938
2023-07-15 20:00:00,A,0.568774357
2023-07-15 20:00:00,B,27.98790912
2023-07-15 20:00:00,C,13.875695185
2023-07-15 21:00:00,A,0.6122078275
2023-07-15 21:00:00,B,30.197544855
2023-07-15 21:00:00,C,10.307057
2023-07-15 22:00:00,A,0.604090292
2023-07-15 22:00:00,B,30.23091138
2023-07-15 22:00:00,C,7.1148447
2023-07-15 23:00:00,A,0.660132755
2023-07-15 23:00:00,B,30.08185697
2023-07-15 23:00:00,C,4.865996395
2023-07-16 00:00:00,A,0.6559488775
2023-07-16 00:00:00,B,30.380567155
2023-07-16 00:00:00,C,3.3751871385
2023-07-16 01:00:00,A,0.5787768295
2023-07-16 01:00:00,B,28.953967725
2023-07-16 01:00:00,C,2.4295478405
2023-07-16 02:00:00,A,0.5301826775
2023-07-16 02:00:00,B,27.511883745
2023-07-16 02:00:00,C,1.981425637
2023-07-16 03:00:00,A,0.5290315955
2023-07-16 03:00:00,B,25.165778085
2023-07-16 03:00:00,C,1.7038295875
2023-07-16 04:00:00,A,0.5957198425
2023-07-16 04:00:00,B,22.3438566
2023-07-16 04:00:00,C,1.4468249225
2023-07-16 05:00:00,A,0.77385301
2023-07-16 05:00:00,B,20.33713441
2023-07-16 05:00:00,C,1.2847145385
2023-07-16 06:00:00,A,1.073035207
2023-07-16 06:00:00,B,17.441045115
2023-07-16 06:00:00,C,1.116382555
2023-07-16 07:00:00,A,1.254817735
2023-07-16 07:00:00,B,14.43661292
2023-07-16 07:00:00,C,0.884493418
2023-07-16 08:00:00,A,1.27202858
2023-07-16 08:00:00,B,10.574075565
2023-07-16 08:00:00,C,0.6981074275
2023-07-16 09:00:00,A,1.1381580845
2023-07-16 09:00:00,B,7.37838428
2023-07-16 09:00:00,C,0.5293939395
2023-07-16 10:00:00,A,0.996308838
2023-07-16 10:00:00,B,4.9664367755
2023-07-16 10:00:00,C,0.397115633
2023-07-16 11:00:00,A,0.9461957065
2023-07-16 11:00:00,B,3.707247147
2023-07-16 11:00:00,C,0.3017323025
2023-07-16 12:00:00,A,0.887861545
2023-07-16 12:00:00,B,3.078568581
2023-07-16 12:00:00,C,0.2426631465
2023-07-16 13:00:00,A,0.875862183
2023-07-16 13:00:00,B,2.6528254825
2023-07-16 13:00:00,C,0.196384225
2023-07-16 14:00:00,A,0.6078122625
2023-07-16 14:00:00,B,2.266104952
2023-07-16 14:00:00,C,0.1441461335
2023-07-16 15:00:00,A,0.3838297885
2023-07-16 15:00:00,B,1.8330463745
2023-07-16 15:00:00,C,0.123438957
2023-07-16 16:00:00,A,0.324547101
2023-07-16 16:00:00,B,1.9586301465
2023-07-16 16:00:00,C,0.168833519
2023-07-16 17:00:00,A,0.3240418795
2023-07-16 17:00:00,B,4.8389781655
2023-07-16 17:00:00,C,0.3954791875
2023-07-16 18:00:00,A,0.431837598
2023-07-16 18:00:00,B,11.576928185
2023-07-16 18:00:00,C,0.746646564
2023-07-16 19:00:00,A,0.7768958215
2023-07-16 19:00:00,B,17.987788615
2023-07-16 19:00:00,C,3.0895835555
2023-07-16 20:00:00,A,1.249434585
2023-07-16 20:00:00,B,22.80773663
2023-07-16 20:00:00,C,10.115662855
2023-07-16 21:00:00,A,1.3389387995
2023-07-16 21:00:00,B,24.81915964
2023-07-16 21:00:00,C,15.356715435
2023-07-16 22:00:00,A,1.425401398
2023-07-16 22:00:00,B,24.360601635
2023-07-16 22:00:00,C,19.101165915
2023-07-16 23:00:00,A,1.8045944225
2023-07-16 23:00:00,B,22.230596995
2023-07-16 23:00:00,C,19.605771155
2023-07-17 00:00:00,A,2.789324326
2023-07-17 00:00:00,B,20.592139075
2023-07-17 00:00:00,C,17.87700806
2023-07-17 01:00:00,A,4.06216732
2023-07-17 01:00:00,B,19.042381065
2023-07-17 01:00:00,C,19.352895785
2023-07-17 02:00:00,A,4.7681659905
2023-07-17 02:00:00,B,18.90420443
2023-07-17 02:00:00,C,15.3918407
2023-07-17 03:00:00,A,4.693503014
2023-07-17 03:00:00,B,20.612599505
2023-07-17 03:00:00,C,13.17463785
2023-07-17 04:00:00,A,3.727491525
2023-07-17 04:00:00,B,21.745402955
2023-07-17 04:00:00,C,11.992880365
2023-07-17 05:00:00,A,2.789186473
2023-07-17 05:00:00,B,21.32449802
2023-07-17 05:00:00,C,9.178347715
2023-07-17 06:00:00,A,1.9285215515
2023-07-17 06:00:00,B,21.16542791
2023-07-17 06:00:00,C,6.97329814
2023-07-17 07:00:00,A,1.373632114
2023-07-17 07:00:00,B,21.90498729
2023-07-17 07:00:00,C,5.69136472
2023-07-17 08:00:00,A,1.1046424995
2023-07-17 08:00:00,B,22.920818235
2023-07-17 08:00:00,C,4.8917425015
2023-07-17 09:00:00,A,0.878759386
2023-07-17 09:00:00,B,20.9862707
2023-07-17 09:00:00,C,4.026077147
2023-07-17 10:00:00,A,0.673544291
2023-07-17 10:00:00,B,20.75350173
2023-07-17 10:00:00,C,3.3363002595
2023-07-17 11:00:00,A,0.5056584365
2023-07-17 11:00:00,B,21.34247201
2023-07-17 11:00:00,C,2.794953808
2023-07-17 12:00:00,A,0.354391906
2023-07-17 12:00:00,B,22.534924755
2023-07-17 12:00:00,C,2.6400278805
2023-07-17 13:00:00,A,0.23630919
2023-07-17 13:00:00,B,23.31205018
2023-07-17 13:00:00,C,2.6914348385
2023-07-17 14:00:00,A,0.1350595555
2023-07-17 14:00:00,B,21.6082729
2023-07-17 14:00:00,C,2.6543914975
2023-07-17 15:00:00,A,0.3488789775
2023-07-17 15:00:00,B,14.31963977
2023-07-17 15:00:00,C,7.340779575
2023-07-17 16:00:00,A,0.6056952775
2023-07-17 16:00:00,B,8.217817015
2023-07-17 16:00:00,C,12.242267815
2023-07-17 17:00:00,A,0.744087633
2023-07-17 17:00:00,B,7.254129575
2023-07-17 17:00:00,C,10.769763045
2023-07-17 18:00:00,A,0.8760017835
2023-07-17 18:00:00,B,6.878255865
2023-07-17 18:00:00,C,9.51248585
2023-07-17 19:00:00,A,0.966700107
2023-07-17 19:00:00,B,7.28496456
2023-07-17 19:00:00,C,8.942116925
2023-07-17 20:00:00,A,1.0295987835
2023-07-17 20:00:00,B,8.075849225
2023-07-17 20:00:00,C,7.374123905
2023-07-17 21:00:00,A,1.0980503465
2023-07-17 21:00:00,B,7.608033465
2023-07-17 21:00:00,C,4.643450925
2023-07-17 22:00:00,A,1.1717857565
2023-07-17 22:00:00,B,5.49920012
2023-07-17 22:00:00,C,2.7077781155
2023-07-17 23:00:00,A,1.2234720445
2023-07-17 23:00:00,B,3.4733403865
2023-07-17 23:00:00,C,1.585235948
2023-07-18 00:00:00,A,1.141963492
2023-07-18 00:00:00,B,2.288348428
2023-07-18 00:00:00,C,1.151357135
2023-07-18 01:00:00,A,0.908513038
2023-07-18 01:00:00,B,2.0953299
2023-07-18 01:00:00,C,1.2700998565
2023-07-18 02:00:00,A,0.6105440165
2023-07-18 02:00:00,B,3.325553643
2023-07-18 02:00:00,C,2.0051198865
2023-07-18 03:00:00,A,0.3525736245
2023-07-18 03:00:00,B,5.16988127
2023-07-18 03:00:00,C,2.9491475265
2023-07-18 04:00:00,A,0.1904563005
2023-07-18 04:00:00,B,6.702755835
2023-07-18 04:00:00,C,3.5253588765
2023-07-18 05:00:00,A,0.107870548
2023-07-18 05:00:00,B,7.899833685
2023-07-18 05:00:00,C,3.646400863
2023-07-18 06:00:00,A,0.0797986535
2023-07-18 06:00:00,B,8.95905838
2023-07-18 06:00:00,C,3.669015288
2023-07-18 07:00:00,A,0.06182649
2023-07-18 07:00:00,B,10.28388001
2023-07-18 07:00:00,C,3.486483557
2023-07-18 08:00:00,A,0.0514224695
2023-07-18 08:00:00,B,9.880072405
2023-07-18 08:00:00,C,3.0220746045
2023-07-18 09:00:00,A,0.0429239035
2023-07-18 09:00:00,B,8.4171329
2023-07-18 09:00:00,C,2.6667039795
2023-07-18 10:00:00,A,0.038043517
2023-07-18 10:00:00,B,6.96234869
2023-07-18 10:00:00,C,2.3294404845
2023-07-18 11:00:00,A,0.0358778165
2023-07-18 11:00:00,B,5.466673455
2023-07-18 11:00:00,C,1.824434523
2023-07-18 12:00:00,A,0.033726608
2023-07-18 12:00:00,B,5.169425745
2023-07-18 12:00:00,C,1.5120878145
2023-07-18 13:00:00,A,0.031095042
2023-07-18 13:00:00,B,4.810920181
2023-07-18 13:00:00,C,1.206150255
2023-07-18 14:00:00,A,0.0274109575
2023-07-18 14:00:00,B,3.839508609
2023-07-18 14:00:00,C,0.914281849
2023-07-18 15:00:00,A,0.0982314015
2023-07-18 15:00:00,B,9.37241289
2023-07-18 15:00:00,C,4.5125576415
2023-07-18 16:00:00,A,0.3027952035
2023-07-18 16:00:00,B,21.24916086
2023-07-18 16:00:00,C,12.655918955
2023-07-18 17:00:00,A,0.422522133
2023-07-18 17:00:00,B,25.7284856
2023-07-18 17:00:00,C,18.20713496
2023-07-18 18:00:00,A,0.534707744
2023-07-18 18:00:00,B,25.390795025
2023-07-18 18:00:00,C,24.85760053
2023-07-18 19:00:00,A,0.6333968755
2023-07-18 19:00:00,B,24.214490255
2023-07-18 19:00:00,C,28.498568925
2023-07-18 20:00:00,A,0.725352291
2023-07-18 20:00:00,B,25.533224705
2023-07-18 20:00:00,C,25.06212311
2023-07-18 21:00:00,A,0.801190038
2023-07-18 21:00:00,B,29.917258615
2023-07-18 21:00:00,C,15.859346775
2023-07-18 22:00:00,A,0.860769009
2023-07-18 22:00:00,B,39.047401025
2023-07-18 22:00:00,C,9.636566875
2023-07-18 23:00:00,A,0.8773199465
2023-07-18 23:00:00,B,50.4559696
2023-07-18 23:00:00,C,5.170033445
2023-07-19 00:00:00,A,0.7932758605
2023-07-19 00:00:00,B,58.6138102
2023-07-19 00:00:00,C,2.70148885
2023-07-19 01:00:00,A,0.6857728075
2023-07-19 01:00:00,B,61.44486215
2023-07-19 01:00:00,C,1.504364433
2023-07-19 02:00:00,A,0.626705742
2023-07-19 02:00:00,B,63.20886475
2023-07-19 02:00:00,C,1.5946089025
2023-07-19 03:00:00,A,0.6195233205
2023-07-19 03:00:00,B,64.05026335
2023-07-19 03:00:00,C,1.621946148
2023-07-19 04:00:00,A,0.5984594225
2023-07-19 04:00:00,B,62.0563872
2023-07-19 04:00:00,C,1.927287312
2023-07-19 05:00:00,A,0.4956159685
2023-07-19 05:00:00,B,56.2210507
2023-07-19 05:00:00,C,2.2571140025
2023-07-19 06:00:00,A,0.3690029575
2023-07-19 06:00:00,B,50.88443395
2023-07-19 06:00:00,C,2.6180651485
2023-07-19 07:00:00,A,0.2749067575
2023-07-19 07:00:00,B,46.306368885
2023-07-19 07:00:00,C,2.6438220935
2023-07-19 08:00:00,A,0.2272319535
2023-07-19 08:00:00,B,39.022686075
2023-07-19 08:00:00,C,2.3619946825
2023-07-19 09:00:00,A,0.197159629
2023-07-19 09:00:00,B,30.170755475
2023-07-19 09:00:00,C,2.0002455485
2023-07-19 10:00:00,A,0.1781515265
2023-07-19 10:00:00,B,22.384178135
2023-07-19 10:00:00,C,1.8370452345
2023-07-19 11:00:00,A,0.1617993775
2023-07-19 11:00:00,B,18.11091551
2023-07-19 11:00:00,C,1.7195771485
2023-07-19 12:00:00,A,0.1401284205
2023-07-19 12:00:00,B,14.96693506
2023-07-19 12:00:00,C,1.7259621215
2023-07-19 13:00:00,A,0.117492766
2023-07-19 13:00:00,B,13.196712775
2023-07-19 13:00:00,C,1.66628211
2023-07-19 14:00:00,A,0.066752979
2023-07-19 14:00:00,B,14.28922781
2023-07-19 14:00:00,C,1.3538003895
2023-07-19 15:00:00,A,0.172244815
2023-07-19 15:00:00,B,15.684417915
2023-07-19 15:00:00,C,2.5730849955
2023-07-19 16:00:00,A,0.552971218
2023-07-19 16:00:00,B,19.01912401
2023-07-19 16:00:00,C,4.835384609
2023-07-19 17:00:00,A,0.888579295
2023-07-19 17:00:00,B,19.466584895
2023-07-19 17:00:00,C,6.523865565
2023-07-19 18:00:00,A,1.071918015
2023-07-19 18:00:00,B,21.979583655
2023-07-19 18:00:00,C,6.584538195
2023-07-19 19:00:00,A,1.1867219465
2023-07-19 19:00:00,B,29.41449478
2023-07-19 19:00:00,C,6.033502625
2023-07-19 20:00:00,A,1.208844083
2023-07-19 20:00:00,B,39.48775421
2023-07-19 20:00:00,C,5.631891005
2023-07-19 21:00:00,A,1.1111740325
2023-07-19 21:00:00,B,43.323872795
2023-07-19 21:00:00,C,6.67583625
2023-07-19 22:00:00,A,1.0227222115
2023-07-19 22:00:00,B,43.636754635
2023-07-19 22:00:00,C,8.798078065
2023-07-19 23:00:00,A,1.000900983
2023-07-19 23:00:00,B,42.097099785
2023-07-19 23:00:00,C,10.70570583
2023-07-20 00:00:00,A,1.0098925035
2023-07-20 00:00:00,B,40.076310415
2023-07-20 00:00:00,C,9.40886319
2023-07-20 01:00:00,A,1.0264736435
2023-07-20 01:00:00,B,36.015370475
2023-07-20 01:00:00,C,7.45638708
2023-07-20 02:00:00,A,1.1466517275
2023-07-20 02:00:00,B,27.69645693
2023-07-20 02:00:00,C,5.235404365
2023-07-20 03:00:00,A,1.4975885605
2023-07-20 03:00:00,B,20.160641375
2023-07-20 03:00:00,C,3.609050393
2023-07-20 04:00:00,A,1.706153861
2023-07-20 04:00:00,B,14.545954165
2023-07-20 04:00:00,C,2.4460513085
2023-07-20 05:00:00,A,1.9683894075
2023-07-20 05:00:00,B,10.06989648
2023-07-20 05:00:00,C,1.5743783175
2023-07-20 06:00:00,A,1.737974285
2023-07-20 06:00:00,B,7.540722145
2023-07-20 06:00:00,C,0.966841235
2023-07-20 07:00:00,A,1.147475571
2023-07-20 07:00:00,B,5.329311335
2023-07-20 07:00:00,C,0.664840289
2023-07-20 08:00:00,A,0.599438662
2023-07-20 08:00:00,B,4.099560944
2023-07-20 08:00:00,C,0.416098748
2023-07-20 09:00:00,A,0.210511225
2023-07-20 09:00:00,B,2.6925282685
2023-07-20 09:00:00,C,0.26352594
2023-07-20 10:00:00,A,0.0686855985
2023-07-20 10:00:00,B,1.7064539295
2023-07-20 10:00:00,C,0.174119402
2023-07-20 11:00:00,A,0.0377547985
2023-07-20 11:00:00,B,1.071006755
2023-07-20 11:00:00,C,0.115102238
2023-07-20 12:00:00,A,0.024503164
2023-07-20 12:00:00,B,0.6663134975
2023-07-20 12:00:00,C,0.077894565
2023-07-20 13:00:00,A,0.0155760365
2023-07-20 13:00:00,B,0.373634364
2023-07-20 13:00:00,C,0.049802582
2023-07-20 14:00:00,A,0.0152274805
2023-07-20 14:00:00,B,0.4515245855
2023-07-20 14:00:00,C,0.174037351
2023-07-20 15:00:00,A,0.1422570655
2023-07-20 15:00:00,B,4.67992297
2023-07-20 15:00:00,C,1.8666454825
2023-07-20 16:00:00,A,0.446379872
2023-07-20 16:00:00,B,8.754276875
2023-07-20 16:00:00,C,3.314062096
2023-07-20 17:00:00,A,0.618742326
2023-07-20 17:00:00,B,9.82349907
2023-07-20 17:00:00,C,4.2579393615
2023-07-20 18:00:00,A,0.59545818
2023-07-20 18:00:00,B,10.28419588
2023-07-20 18:00:00,C,4.6318135245
2023-07-20 19:00:00,A,0.5703182455
2023-07-20 19:00:00,B,10.074778565
2023-07-20 19:00:00,C,4.151410451
2023-07-20 20:00:00,A,0.5979328975
2023-07-20 20:00:00,B,10.24188276
2023-07-20 20:00:00,C,3.0970771455
2023-07-20 21:00:00,A,0.710088218
2023-07-20 21:00:00,B,11.977793225
2023-07-20 21:00:00,C,2.4217646355
2023-07-20 22:00:00,A,0.774600896
2023-07-20 22:00:00,B,16.73819747
2023-07-20 22:00:00,C,2.7228950305
2023-07-20 23:00:00,A,0.7586809515
2023-07-20 23:00:00,B,17.875094485
2023-07-20 23:00:00,C,3.070294283
2023-07-21 00:00:00,A,0.8719840845
2023-07-21 00:00:00,B,15.4978292
2023-07-21 00:00:00,C,3.1250196385
2023-07-21 01:00:00,A,1.005698869
2023-07-21 01:00:00,B,12.780804215
2023-07-21 01:00:00,C,2.8844451085
2023-07-21 02:00:00,A,1.0655742515
2023-07-21 02:00:00,B,10.296333345
2023-07-21 02:00:00,C,2.350048957
2023-07-21 03:00:00,A,1.061647934
2023-07-21 03:00:00,B,7.659101525
2023-07-21 03:00:00,C,1.7199930135
2023-07-21 04:00:00,A,0.950801964
2023-07-21 04:00:00,B,4.9238730665
2023-07-21 04:00:00,C,1.1564971995
2023-07-21 05:00:00,A,0.766118128
2023-07-21 05:00:00,B,3.6584607605
2023-07-21 05:00:00,C,1.0228906425
2023-07-21 06:00:00,A,0.780928882
2023-07-21 06:00:00,B,3.145626104
2023-07-21 06:00:00,C,1.122474403
2023-07-21 07:00:00,A,0.6411496695
2023-07-21 07:00:00,B,2.972150105
2023-07-21 07:00:00,C,1.1263345565
2023-07-21 08:00:00,A,0.4743157875
2023-07-21 08:00:00,B,2.8426639995
2023-07-21 08:00:00,C,1.2145977985
2023-07-21 09:00:00,A,0.3149357505
2023-07-21 09:00:00,B,2.5293466125
2023-07-21 09:00:00,C,1.1337089035
2023-07-21 10:00:00,A,0.1965434205
2023-07-21 10:00:00,B,2.2504454995
2023-07-21 10:00:00,C,1.106030742
2023-07-21 11:00:00,A,0.157887951
2023-07-21 11:00:00,B,2.0504043525
2023-07-21 11:00:00,C,1.046327521
2023-07-21 12:00:00,A,0.125705882
2023-07-21 12:00:00,B,1.749952389
2023-07-21 12:00:00,C,0.7371297545
2023-07-21 13:00:00,A,0.0803866935
2023-07-21 13:00:00,B,1.7156884105
2023-07-21 13:00:00,C,0.775804281
2023-07-21 14:00:00,A,0.0423727895
2023-07-21 14:00:00,B,1.654244652
2023-07-21 14:00:00,C,0.736774889
2023-07-21 15:00:00,A,0.207435628
2023-07-21 15:00:00,B,1.922645349
2023-07-21 15:00:00,C,1.3373801355
2023-07-21 16:00:00,A,0.729970429
2023-07-21 16:00:00,B,2.8039980115
2023-07-21 16:00:00,C,5.152873385
2023-07-21 17:00:00,A,1.0183577415
2023-07-21 17:00:00,B,3.7465157885
2023-07-21 17:00:00,C,11.337953785
2023-07-21 18:00:00,A,1.4952148755
2023-07-21 18:00:00,B,5.053290095
2023-07-21 18:00:00,C,18.59355968
2023-07-21 19:00:00,A,2.4301613315
2023-07-21 19:00:00,B,7.07519586
2023-07-21 19:00:00,C,23.17713876
2023-07-21 20:00:00,A,3.0950620145
2023-07-21 20:00:00,B,10.490673485
2023-07-21 20:00:00,C,23.589620915
2023-07-21 21:00:00,A,3.263579098
2023-07-21 21:00:00,B,15.5256219
2023-07-21 21:00:00,C,19.986864335
2023-07-21 22:00:00,A,3.190597926
2023-07-21 22:00:00,B,20.786436925
2023-07-21 22:00:00,C,15.393339075
2023-07-21 23:00:00,A,2.863341665
2023-07-21 23:00:00,B,23.77629106
2023-07-21 23:00:00,C,10.50518067
2023-07-22 00:00:00,A,2.322371891
2023-07-22 00:00:00,B,22.103275985
2023-07-22 00:00:00,C,6.768024215
2023-07-22 01:00:00,A,1.972248843
2023-07-22 01:00:00,B,16.988197145
2023-07-22 01:00:00,C,4.716960501
2023-07-22 02:00:00,A,1.9688406135
2023-07-22 02:00:00,B,12.48717146
2023-07-22 02:00:00,C,3.7111897785
2023-07-22 03:00:00,A,1.511992354
2023-07-22 03:00:00,B,10.08830117
2023-07-22 03:00:00,C,2.9557180715
2023-07-22 04:00:00,A,1.0715281775
2023-07-22 04:00:00,B,9.088908665
2023-07-22 04:00:00,C,2.250831068
2023-07-22 05:00:00,A,0.824844493
2023-07-22 05:00:00,B,8.436713055
2023-07-22 05:00:00,C,1.751876806
2023-07-22 06:00:00,A,0.538215829
2023-07-22 06:00:00,B,7.71019933
2023-07-22 06:00:00,C,1.9261993665
2023-07-22 07:00:00,A,0.355263349
2023-07-22 07:00:00,B,5.490348135
2023-07-22 07:00:00,C,2.013717416
2023-07-22 08:00:00,A,0.3233505835
2023-07-22 08:00:00,B,3.864790311
2023-07-22 08:00:00,C,1.87173288
2023-07-22 09:00:00,A,0.4350533695
2023-07-22 09:00:00,B,2.894228716
2023-07-22 09:00:00,C,1.5239625705
2023-07-22 10:00:00,A,0.56770505
2023-07-22 10:00:00,B,2.285036039
2023-07-22 10:00:00,C,1.4145861735
2023-07-22 11:00:00,A,0.600914299
2023-07-22 11:00:00,B,1.8512796535
2023-07-22 11:00:00,C,1.2877660835
2023-07-22 12:00:00,A,0.448014412
2023-07-22 12:00:00,B,1.340607627
2023-07-22 12:00:00,C,0.9478528575
2023-07-22 13:00:00,A,0.3268175805
2023-07-22 13:00:00,B,1.184516854
2023-07-22 13:00:00,C,0.602728421
2023-07-22 14:00:00,A,0.4222171365
2023-07-22 14:00:00,B,1.1678493785
2023-07-22 14:00:00,C,0.5644238305
2023-07-22 15:00:00,A,1.1942251685
2023-07-22 15:00:00,B,1.1874674465
2023-07-22 15:00:00,C,1.5544602575
2023-07-22 16:00:00,A,2.018831877
2023-07-22 16:00:00,B,1.697494651
2023-07-22 16:00:00,C,5.280413945
2023-07-22 17:00:00,A,2.1283000375
2023-07-22 17:00:00,B,2.050354406
2023-07-22 17:00:00,C,11.03234706
2023-07-22 18:00:00,A,2.2143684005
2023-07-22 18:00:00,B,2.0286110385
2023-07-22 18:00:00,C,17.78353204
2023-07-22 19:00:00,A,2.3048221415
2023-07-22 19:00:00,B,2.2115113615
2023-07-22 19:00:00,C,21.1848497
2023-07-22 20:00:00,A,2.1645867035
2023-07-22 20:00:00,B,2.841833441
2023-07-22 20:00:00,C,19.779489735
2023-07-22 21:00:00,A,1.8788020965
2023-07-22 21:00:00,B,3.5826101435
2023-07-22 21:00:00,C,16.959943275
2023-07-22 22:00:00,A,1.5081396325
2023-07-22 22:00:00,B,4.267082832
2023-07-22 22:00:00,C,14.99842202
2023-07-22 23:00:00,A,1.1822356455
2023-07-22 23:00:00,B,4.5581982985
2023-07-22 23:00:00,C,13.996042145
2023-07-23 00:00:00,A,0.9379162585
2023-07-23 00:00:00,B,3.7527415045
2023-07-23 00:00:00,C,10.54084314
2023-07-23 01:00:00,A,0.750073602
2023-07-23 01:00:00,B,2.41362501
2023-07-23 01:00:00,C,6.555278515
2023-07-23 02:00:00,A,0.571697847
2023-07-23 02:00:00,B,1.610047925
2023-07-23 02:00:00,C,4.6910795205
2023-07-23 03:00:00,A,0.418319403
2023-07-23 03:00:00,B,0.9711327
2023-07-23 03:00:00,C,3.7564951195
2023-07-23 04:00:00,A,0.3430775775
2023-07-23 04:00:00,B,0.578476161
2023-07-23 04:00:00,C,3.162732206
2023-07-23 05:00:00,A,0.3006558025
2023-07-23 05:00:00,B,0.3774574605
2023-07-23 05:00:00,C,3.3909660145
2023-07-23 06:00:00,A,0.2338908775
2023-07-23 06:00:00,B,0.214336881
2023-07-23 06:00:00,C,4.032591902
2023-07-23 07:00:00,A,0.1516795915
2023-07-23 07:00:00,B,0.1150337305
2023-07-23 07:00:00,C,2.1728742305
2023-07-23 08:00:00,A,0.1059883925
2023-07-23 08:00:00,B,0.067666971
2023-07-23 08:00:00,C,1.0957618125
2023-07-23 09:00:00,A,0.0675242905
2023-07-23 09:00:00,B,0.0402972495
2023-07-23 09:00:00,C,0.508114509
2023-07-23 10:00:00,A,0.050457491
2023-07-23 10:00:00,B,0.024345458
2023-07-23 10:00:00,C,0.222734052
2023-07-23 11:00:00,A,0.042065202
2023-07-23 11:00:00,B,0.0149249835
2023-07-23 11:00:00,C,0.120064301
2023-07-23 12:00:00,A,0.0407540955
2023-07-23 12:00:00,B,0.008838053
2023-07-23 12:00:00,C,0.0508178645
2023-07-23 13:00:00,A,0.035567496
2023-07-23 13:00:00,B,0.006123948
2023-07-23 13:00:00,C,0.027130794
2023-07-23 14:00:00,A,0.064043629
2023-07-23 14:00:00,B,0.003744215
2023-07-23 14:00:00,C,0.0204896075
2023-07-23 15:00:00,A,1.183082429
2023-07-23 15:00:00,B,0.050349184
2023-07-23 15:00:00,C,0.3383861465
2023-07-23 16:00:00,A,3.8250450795
2023-07-23 16:00:00,B,0.4385801695
2023-07-23 16:00:00,C,1.586143371
2023-07-23 17:00:00,A,5.27964936
2023-07-23 17:00:00,B,1.2493767175
2023-07-23 17:00:00,C,3.7628764275
2023-07-23 18:00:00,A,6.42527183
2023-07-23 18:00:00,B,2.0001016115
2023-07-23 18:00:00,C,6.870718425
2023-07-23 19:00:00,A,6.80614361
2023-07-23 19:00:00,B,2.175573204
2023-07-23 19:00:00,C,7.018952985
2023-07-23 20:00:00,A,6.45730905
2023-07-23 20:00:00,B,2.1135241515
2023-07-23 20:00:00,C,5.227994845
2023-07-23 21:00:00,A,5.472643705
2023-07-23 21:00:00,B,2.14749332
2023-07-23 21:00:00,C,3.939508675
2023-07-23 22:00:00,A,4.640594577
2023-07-23 22:00:00,B,2.322331603
2023-07-23 22:00:00,C,3.13670464
2023-07-23 23:00:00,A,3.8057301195
2023-07-23 23:00:00,B,2.548378589
2023-07-23 23:00:00,C,2.656893158
2023-07-24 00:00:00,A,2.942240376
2023-07-24 00:00:00,B,2.693068528
2023-07-24 00:00:00,C,2.375930538
2023-07-24 01:00:00,A,2.1786533435
2023-07-24 01:00:00,B,2.570967504
2023-07-24 01:00:00,C,2.1149404535
2023-07-24 02:00:00,A,1.647468661
2023-07-24 02:00:00,B,2.7386370545
2023-07-24 02:00:00,C,1.881300837
2023-07-24 03:00:00,A,1.3077441395
2023-07-24 03:00:00,B,3.2045090235
2023-07-24 03:00:00,C,1.6726103155
2023-07-24 04:00:00,A,0.9768834685
2023-07-24 04:00:00,B,3.0898091825
2023-07-24 04:00:00,C,1.4053235255
2023-07-24 05:00:00,A,0.739877372
2023-07-24 05:00:00,B,2.530214257
2023-07-24 05:00:00,C,1.2552090375
2023-07-24 06:00:00,A,0.6416429285
2023-07-24 06:00:00,B,1.9106852815
2023-07-24 06:00:00,C,1.2993045905
2023-07-24 07:00:00,A,0.644190882
2023-07-24 07:00:00,B,1.1092588275
2023-07-24 07:00:00,C,1.072344359
2023-07-24 08:00:00,A,0.5964627845
2023-07-24 08:00:00,B,0.660480155
2023-07-24 08:00:00,C,0.8121304065
2023-07-24 09:00:00,A,0.513988149
2023-07-24 09:00:00,B,0.388624754
2023-07-24 09:00:00,C,0.5903184605
2023-07-24 10:00:00,A,0.414321751
2023-07-24 10:00:00,B,0.22768193
2023-07-24 10:00:00,C,0.3348069895
2023-07-24 11:00:00,A,0.3519236835
2023-07-24 11:00:00,B,0.128555594
2023-07-24 11:00:00,C,0.2195284935
2023-07-24 12:00:00,A,0.3101224345
2023-07-24 12:00:00,B,0.0807432675
2023-07-24 12:00:00,C,0.1608109575
2023-07-24 13:00:00,A,0.300377028
2023-07-24 13:00:00,B,0.0496990465
2023-07-24 13:00:00,C,0.126655271
2023-07-24 14:00:00,A,0.2883377675
2023-07-24 14:00:00,B,0.0403758005
2023-07-24 14:00:00,C,0.196805217
2023-07-24 15:00:00,A,0.612601
2023-07-24 15:00:00,B,0.161934834
2023-07-24 15:00:00,C,1.106632293
2023-07-24 16:00:00,A,1.875872053
2023-07-24 16:00:00,B,0.955407991
2023-07-24 16:00:00,C,3.781748825
2023-07-24 17:00:00,A,2.8244574835
2023-07-24 17:00:00,B,1.71411257
2023-07-24 17:00:00,C,5.398397075
2023-07-24 18:00:00,A,3.759544238
2023-07-24 18:00:00,B,2.4181416785
2023-07-24 18:00:00,C,8.69549919
2023-07-24 19:00:00,A,4.8319180855
2023-07-24 19:00:00,B,3.163117118
2023-07-24 19:00:00,C,12.999087555
2023-07-24 20:00:00,A,6.569879515
2023-07-24 20:00:00,B,4.051307853
2023-07-24 20:00:00,C,15.839138635
2023-07-24 21:00:00,A,8.57187064
2023-07-24 21:00:00,B,5.072604695
2023-07-24 21:00:00,C,15.63779182
2023-07-24 22:00:00,A,10.39785748
2023-07-24 22:00:00,B,5.920959155
2023-07-24 22:00:00,C,12.95967508
2023-07-24 23:00:00,A,12.07131404
2023-07-24 23:00:00,B,6.968937315
2023-07-24 23:00:00,C,8.70950777
2023-07-25 00:00:00,A,13.248351625
2023-07-25 00:00:00,B,7.42325976
2023-07-25 00:00:00,C,4.7854077675
2023-07-25 01:00:00,A,11.9461562
2023-07-25 01:00:00,B,7.66617026
2023-07-25 01:00:00,C,3.218572718
2023-07-25 02:00:00,A,8.39033725
2023-07-25 02:00:00,B,7.13855821
2023-07-25 02:00:00,C,2.5299280395
2023-07-25 03:00:00,A,5.86533648
2023-07-25 03:00:00,B,5.561837305
2023-07-25 03:00:00,C,1.942173968
2023-07-25 04:00:00,A,4.1509599145
2023-07-25 04:00:00,B,4.098049233
2023-07-25 04:00:00,C,1.8397241605
2023-07-25 05:00:00,A,3.4703996235
2023-07-25 05:00:00,B,3.189205197
2023-07-25 05:00:00,C,1.877253695
2023-07-25 06:00:00,A,2.895674849
2023-07-25 06:00:00,B,3.119280636
2023-07-25 06:00:00,C,1.9603823995
2023-07-25 07:00:00,A,2.6430542315
2023-07-25 07:00:00,B,3.18692921
2023-07-25 07:00:00,C,1.982305466
2023-07-25 08:00:00,A,2.3421302445
2023-07-25 08:00:00,B,3.398164894
2023-07-25 08:00:00,C,1.8020930915
2023-07-25 09:00:00,A,2.0680236915
2023-07-25 09:00:00,B,3.2049429855
2023-07-25 09:00:00,C,1.6718369555
2023-07-25 10:00:00,A,1.7136822325
2023-07-25 10:00:00,B,2.784751138
2023-07-25 10:00:00,C,1.3029422195
2023-07-25 11:00:00,A,1.689925041
2023-07-25 11:00:00,B,2.372529187
2023-07-25 11:00:00,C,1.033473184
2023-07-25 12:00:00,A,1.587985659
2023-07-25 12:00:00,B,2.177521425
2023-07-25 12:00:00,C,0.960048041
2023-07-25 13:00:00,A,1.481255234
2023-07-25 13:00:00,B,1.9527061945
2023-07-25 13:00:00,C,0.9231643725
2023-07-25 14:00:00,A,1.0774089055
2023-07-25 14:00:00,B,1.3053399455
2023-07-25 14:00:00,C,1.242452565
2023-07-25 15:00:00,A,1.382853116
2023-07-25 15:00:00,B,1.562630221
2023-07-25 15:00:00,C,6.972574385
2023-07-25 16:00:00,A,2.1020497135
2023-07-25 16:00:00,B,4.105305618
2023-07-25 16:00:00,C,13.7310878
2023-07-25 17:00:00,A,2.755775171
2023-07-25 17:00:00,B,6.30343463
2023-07-25 17:00:00,C,18.76419186
2023-07-25 18:00:00,A,3.435874402
2023-07-25 18:00:00,B,7.981969345
2023-07-25 18:00:00,C,25.18253966
2023-07-25 19:00:00,A,4.147405324
2023-07-25 19:00:00,B,9.968574115
2023-07-25 19:00:00,C,31.73676317
2023-07-25 20:00:00,A,5.21277253
2023-07-25 20:00:00,B,12.357152865
2023-07-25 20:00:00,C,33.10049964
2023-07-25 21:00:00,A,6.29147244
2023-07-25 21:00:00,B,15.132531865
2023-07-25 21:00:00,C,28.18719289
2023-07-25 22:00:00,A,6.28135617
2023-07-25 22:00:00,B,17.87349105
2023-07-25 22:00:00,C,23.499433065
2023-07-25 23:00:00,A,5.32598102
2023-07-25 23:00:00,B,20.985719345
2023-07-25 23:00:00,C,21.35534306
2023-07-26 00:00:00,A,4.029535425
2023-07-26 00:00:00,B,23.091101285
2023-07-26 00:00:00,C,21.14738757
2023-07-26 01:00:00,A,2.8547946825
2023-07-26 01:00:00,B,22.89328274
2023-07-26 01:00:00,C,20.594897365
2023-07-26 02:00:00,A,2.1571192965
2023-07-26 02:00:00,B,23.482452555
2023-07-26 02:00:00,C,18.98769762
2023-07-26 03:00:00,A,1.9195480825
2023-07-26 03:00:00,B,21.55183698
2023-07-26 03:00:00,C,15.28092172
2023-07-26 04:00:00,A,2.0030382985
2023-07-26 04:00:00,B,18.19585513
2023-07-26 04:00:00,C,10.117548175
2023-07-26 05:00:00,A,2.3164713765
2023-07-26 05:00:00,B,15.216000235
2023-07-26 05:00:00,C,6.92943818
2023-07-26 06:00:00,A,2.2992429685
2023-07-26 06:00:00,B,13.266446175
2023-07-26 06:00:00,C,6.444571435
2023-07-26 07:00:00,A,2.1750488045
2023-07-26 07:00:00,B,11.926794625
2023-07-26 07:00:00,C,5.86560403
2023-07-26 08:00:00,A,1.923761593
2023-07-26 08:00:00,B,9.78046934
2023-07-26 08:00:00,C,5.303650375
2023-07-26 09:00:00,A,1.632408358
2023-07-26 09:00:00,B,7.77321694
2023-07-26 09:00:00,C,4.7342833725
2023-07-26 10:00:00,A,1.3770685075
2023-07-26 10:00:00,B,5.912434405
2023-07-26 10:00:00,C,3.6304904825
2023-07-26 11:00:00,A,1.056284469
2023-07-26 11:00:00,B,4.7702902015
2023-07-26 11:00:00,C,3.074652579
2023-07-26 12:00:00,A,0.7792207525
2023-07-26 12:00:00,B,4.2300564605
2023-07-26 12:00:00,C,2.909718298
2023-07-26 13:00:00,A,0.507879657
2023-07-26 13:00:00,B,3.500201066
2023-07-26 13:00:00,C,2.714477044
2023-07-26 14:00:00,A,0.4147246345
2023-07-26 14:00:00,B,2.698260351
2023-07-26 14:00:00,C,2.42696576
2023-07-26 15:00:00,A,0.539693366
2023-07-26 15:00:00,B,2.958371928
2023-07-26 15:00:00,C,4.819179788
2023-07-26 16:00:00,A,1.022534626
2023-07-26 16:00:00,B,4.6400607365
2023-07-26 16:00:00,C,14.390380985
2023-07-26 17:00:00,A,1.772278481
2023-07-26 17:00:00,B,7.590182415
2023-07-26 17:00:00,C,29.144392075
2023-07-26 18:00:00,A,2.193512194
2023-07-26 18:00:00,B,8.008529815
2023-07-26 18:00:00,C,38.184206205
2023-07-26 19:00:00,A,2.355999998
2023-07-26 19:00:00,B,7.64855405
2023-07-26 19:00:00,C,39.07187601
2023-07-26 20:00:00,A,2.349389367
2023-07-26 20:00:00,B,7.73935888
2023-07-26 20:00:00,C,38.838320985
2023-07-26 21:00:00,A,2.383790385
2023-07-26 21:00:00,B,8.03474948
2023-07-26 21:00:00,C,35.32773149
2023-07-26 22:00:00,A,2.4930269605
2023-07-26 22:00:00,B,9.43972199
2023-07-26 22:00:00,C,31.422453205
2023-07-26 23:00:00,A,2.4968040235
2023-07-26 23:00:00,B,11.721609015
2023-07-26 23:00:00,C,26.39810667
2023-07-27 00:00:00,A,2.4114334335
2023-07-27 00:00:00,B,14.71471016
2023-07-27 00:00:00,C,19.80172841
2023-07-27 01:00:00,A,2.3137983505
2023-07-27 01:00:00,B,17.849174
2023-07-27 01:00:00,C,12.823071215
2023-07-27 02:00:00,A,2.3160114455
2023-07-27 02:00:00,B,20.802945665
2023-07-27 02:00:00,C,7.97407806
2023-07-27 03:00:00,A,2.277546721
2023-07-27 03:00:00,B,23.55783338
2023-07-27 03:00:00,C,5.245744225
2023-07-27 04:00:00,A,2.37448344
2023-07-27 04:00:00,B,23.58057877
2023-07-27 04:00:00,C,3.7438983915
2023-07-27 05:00:00,A,2.2475736255
2023-07-27 05:00:00,B,23.792338635
2023-07-27 05:00:00,C,2.7867023675
2023-07-27 06:00:00,A,2.3324696165
2023-07-27 06:00:00,B,23.77554015
2023-07-27 06:00:00,C,2.199971428
2023-07-27 07:00:00,A,2.2797704
2023-07-27 07:00:00,B,23.48371456
2023-07-27 07:00:00,C,1.815310009
2023-07-27 08:00:00,A,2.0754479165
2023-07-27 08:00:00,B,20.276922195
2023-07-27 08:00:00,C,2.0745368795
2023-07-27 09:00:00,A,1.8234360265
2023-07-27 09:00:00,B,16.95692307
2023-07-27 09:00:00,C,1.794105766
2023-07-27 10:00:00,A,1.6349386375
2023-07-27 10:00:00,B,13.713971815
2023-07-27 10:00:00,C,1.9712525145
2023-07-27 11:00:00,A,1.560891157
2023-07-27 11:00:00,B,11.095020725
2023-07-27 11:00:00,C,1.2054399005
2023-07-27 12:00:00,A,1.451498462
2023-07-27 12:00:00,B,10.072215895
2023-07-27 12:00:00,C,0.8573525575
2023-07-27 13:00:00,A,1.581378488
2023-07-27 13:00:00,B,9.69024057
2023-07-27 13:00:00,C,0.7170492905
2023-07-27 14:00:00,A,2.3804088435
2023-07-27 14:00:00,B,10.044582825
2023-07-27 14:00:00,C,0.575949096
2023-07-27 15:00:00,A,2.249788745
2023-07-27 15:00:00,B,9.67485706
2023-07-27 15:00:00,C,0.898151589
2023-07-27 16:00:00,A,1.7913429965
2023-07-27 16:00:00,B,14.701996335
2023-07-27 16:00:00,C,4.3477457915
2023-07-27 17:00:00,A,1.776336849
2023-07-27 17:00:00,B,29.19892089
2023-07-27 17:00:00,C,11.8378935
2023-07-27 18:00:00,A,1.946197598
2023-07-27 18:00:00,B,35.59949179
2023-07-27 18:00:00,C,20.97821107
2023-07-27 19:00:00,A,2.02545608
2023-07-27 19:00:00,B,41.0642367
2023-07-27 19:00:00,C,26.15407588
2023-07-27 20:00:00,A,2.1148539885
2023-07-27 20:00:00,B,41.90626939
2023-07-27 20:00:00,C,25.199789385
2023-07-27 21:00:00,A,2.067133249
2023-07-27 21:00:00,B,39.268570225
2023-07-27 21:00:00,C,20.47324913
2023-07-27 22:00:00,A,1.8147786015
2023-07-27 22:00:00,B,36.92916279
2023-07-27 22:00:00,C,15.954956585
2023-07-27 23:00:00,A,1.609371091
2023-07-27 23:00:00,B,34.362024405
2023-07-27 23:00:00,C,13.43713338
2023-07-28 00:00:00,A,1.4159264645
2023-07-28 00:00:00,B,25.60855777
2023-07-28 00:00:00,C,11.98953093
2023-07-28 01:00:00,A,1.16446441
2023-07-28 01:00:00,B,19.041653515
2023-07-28 01:00:00,C,10.38213904
2023-07-28 02:00:00,A,0.9326888665
2023-07-28 02:00:00,B,15.250716875
2023-07-28 02:00:00,C,9.35441285
2023-07-28 03:00:00,A,0.7428176875
2023-07-28 03:00:00,B,13.17203733
2023-07-28 03:00:00,C,8.223800395
2023-07-28 04:00:00,A,0.5943525935
2023-07-28 04:00:00,B,11.909774175
2023-07-28 04:00:00,C,6.88392913
2023-07-28 05:00:00,A,0.5319604555
2023-07-28 05:00:00,B,11.004009745
2023-07-28 05:00:00,C,5.537261705
2023-07-28 06:00:00,A,0.4749144805
2023-07-28 06:00:00,B,11.056383245
2023-07-28 06:00:00,C,4.8772488605
2023-07-28 07:00:00,A,0.437369931
2023-07-28 07:00:00,B,11.06102147
2023-07-28 07:00:00,C,5.031543205
2023-07-28 08:00:00,A,0.399274488
2023-07-28 08:00:00,B,11.342718375
2023-07-28 08:00:00,C,4.505079059
2023-07-28 09:00:00,A,0.3733178495
2023-07-28 09:00:00,B,8.856702225
2023-07-28 09:00:00,C,3.9244502255
2023-07-28 10:00:00,A,0.3804185895
2023-07-28 10:00:00,B,5.97030085
2023-07-28 10:00:00,C,3.3943428185
2023-07-28 11:00:00,A,0.409164965
2023-07-28 11:00:00,B,4.1197114055
2023-07-28 11:00:00,C,2.7492083225
2023-07-28 12:00:00,A,0.39855095
2023-07-28 12:00:00,B,2.807934147
2023-07-28 12:00:00,C,2.2094439805
2023-07-28 13:00:00,A,0.392001879
2023-07-28 13:00:00,B,2.1028640835
2023-07-28 13:00:00,C,1.8099626075
2023-07-28 14:00:00,A,0.2234122805
2023-07-28 14:00:00,B,2.3844317555
2023-07-28 14:00:00,C,2.733513338
2023-07-28 15:00:00,A,0.123504826
2023-07-28 15:00:00,B,2.9920583095
2023-07-28 15:00:00,C,2.5147934375
2023-07-28 16:00:00,A,0.133506719
2023-07-28 16:00:00,B,6.29111834
2023-07-28 16:00:00,C,2.7056191705
2023-07-28 17:00:00,A,0.278923292
2023-07-28 17:00:00,B,11.601072735
2023-07-28 17:00:00,C,5.33277157
2023-07-28 18:00:00,A,0.43343093
2023-07-28 18:00:00,B,14.39508471
2023-07-28 18:00:00,C,5.96856321
2023-07-28 19:00:00,A,0.5962850005
2023-07-28 19:00:00,B,14.26501995
2023-07-28 19:00:00,C,6.33901697
2023-07-28 20:00:00,A,0.6963008075
2023-07-28 20:00:00,B,12.928375805
2023-07-28 20:00:00,C,5.949457545
2023-07-28 21:00:00,A,0.7369394005
2023-07-28 21:00:00,B,11.18822106
2023-07-28 21:00:00,C,4.918008086
2023-07-28 22:00:00,A,0.743397026
2023-07-28 22:00:00,B,9.783968325
2023-07-28 22:00:00,C,4.3362030335
2023-07-28 23:00:00,A,0.7158364435
2023-07-28 23:00:00,B,8.54142215
2023-07-28 23:00:00,C,4.1069441185
2023-07-29 00:00:00,A,0.6136917315
2023-07-29 00:00:00,B,7.13016828
2023-07-29 00:00:00,C,3.6994351365
2023-07-29 01:00:00,A,0.5090363395
2023-07-29 01:00:00,B,6.016733675
2023-07-29 01:00:00,C,3.2004965365
2023-07-29 02:00:00,A,0.442856425
2023-07-29 02:00:00,B,6.128267845
2023-07-29 02:00:00,C,2.89493435
2023-07-29 03:00:00,A,0.381022402
2023-07-29 03:00:00,B,6.547006305
2023-07-29 03:00:00,C,2.8168038965
2023-07-29 04:00:00,A,0.3192113725
2023-07-29 04:00:00,B,6.528193155
2023-07-29 04:00:00,C,2.5212481895
2023-07-29 05:00:00,A,0.3325965155
2023-07-29 05:00:00,B,6.166676355
2023-07-29 05:00:00,C,2.225446338
2023-07-29 06:00:00,A,0.4638146535
2023-07-29 06:00:00,B,5.714850845
2023-07-29 06:00:00,C,2.0302463745
2023-07-29 07:00:00,A,0.7106090755
2023-07-29 07:00:00,B,4.727068232
2023-07-29 07:00:00,C,1.7359456845
2023-07-29 08:00:00,A,0.834995269
2023-07-29 08:00:00,B,3.5714174985
2023-07-29 08:00:00,C,1.6695683085
2023-07-29 09:00:00,A,0.718200535
2023-07-29 09:00:00,B,2.475807505
2023-07-29 09:00:00,C,1.3240698795
2023-07-29 10:00:00,A,0.611104488
2023-07-29 10:00:00,B,1.6459920595
2023-07-29 10:00:00,C,1.0284825235
2023-07-29 11:00:00,A,0.5944228845
2023-07-29 11:00:00,B,1.136356096
2023-07-29 11:00:00,C,0.7494295635
2023-07-29 12:00:00,A,0.4210794325
2023-07-29 12:00:00,B,0.7550218695
2023-07-29 12:00:00,C,0.5721227365
2023-07-29 13:00:00,A,0.3215384405
2023-07-29 13:00:00,B,0.525725677
2023-07-29 13:00:00,C,0.314627802
2023-07-29 14:00:00,A,0.201267859
2023-07-29 14:00:00,B,0.463198445
2023-07-29 14:00:00,C,0.202016904
2023-07-29 15:00:00,A,0.2011431095
2023-07-29 15:00:00,B,3.2003562565
2023-07-29 15:00:00,C,1.598510656
2023-07-29 16:00:00,A,0.4013437975
2023-07-29 16:00:00,B,25.29948881
2023-07-29 16:00:00,C,14.626596325
2023-07-29 17:00:00,A,0.5750121355
2023-07-29 17:00:00,B,38.068243425
2023-07-29 17:00:00,C,30.26724664
2023-07-29 18:00:00,A,0.7162776305
2023-07-29 18:00:00,B,34.654572025
2023-07-29 18:00:00,C,37.329815855
2023-07-29 19:00:00,A,0.844053162
2023-07-29 19:00:00,B,33.05407859
2023-07-29 19:00:00,C,37.80381993
2023-07-29 20:00:00,A,0.913015097
2023-07-29 20:00:00,B,33.64848947
2023-07-29 20:00:00,C,35.883258605
2023-07-29 21:00:00,A,0.973573645
2023-07-29 21:00:00,B,33.60019798
2023-07-29 21:00:00,C,31.01121034
2023-07-29 22:00:00,A,0.9100242555
2023-07-29 22:00:00,B,31.37511894
2023-07-29 22:00:00,C,23.61729971
2023-07-29 23:00:00,A,0.6745859005
2023-07-29 23:00:00,B,26.077178155
2023-07-29 23:00:00,C,16.412164425
2023-07-30 00:00:00,A,0.541182329
2023-07-30 00:00:00,B,19.41724577
2023-07-30 00:00:00,C,10.674279295
2023-07-30 01:00:00,A,0.4627815305
2023-07-30 01:00:00,B,13.511525515
2023-07-30 01:00:00,C,6.987012625
2023-07-30 02:00:00,A,0.381690165
2023-07-30 02:00:00,B,11.68516849
2023-07-30 02:00:00,C,5.2740595
2023-07-30 03:00:00,A,0.312334311
2023-07-30 03:00:00,B,11.52961119
2023-07-30 03:00:00,C,4.2153202585
2023-07-30 04:00:00,A,0.2533823035
2023-07-30 04:00:00,B,10.66319201
2023-07-30 04:00:00,C,3.5685661105
2023-07-30 05:00:00,A,0.2117754345
2023-07-30 05:00:00,B,10.019895185
2023-07-30 05:00:00,C,3.586732818
2023-07-30 06:00:00,A,0.2075301565
2023-07-30 06:00:00,B,10.752971725
2023-07-30 06:00:00,C,3.795363073
2023-07-30 07:00:00,A,0.2224521885
2023-07-30 07:00:00,B,10.867043465
2023-07-30 07:00:00,C,4.0087888665
2023-07-30 08:00:00,A,0.232545092
2023-07-30 08:00:00,B,11.110106325
2023-07-30 08:00:00,C,5.63510176
2023-07-30 09:00:00,A,0.2059699145
2023-07-30 09:00:00,B,10.165288705
2023-07-30 09:00:00,C,6.188232705
2023-07-30 10:00:00,A,0.1856464605
2023-07-30 10:00:00,B,9.100607275
2023-07-30 10:00:00,C,4.4621905305
2023-07-30 11:00:00,A,0.215847148
2023-07-30 11:00:00,B,8.208790845
2023-07-30 11:00:00,C,4.0365563865
2023-07-30 12:00:00,A,0.207761646
2023-07-30 12:00:00,B,8.031276975
2023-07-30 12:00:00,C,4.339329496
2023-07-30 13:00:00,A,0.1969992025
2023-07-30 13:00:00,B,8.0700898
2023-07-30 13:00:00,C,4.724198426
2023-07-30 14:00:00,A,0.2077417075
2023-07-30 14:00:00,B,10.041054355
2023-07-30 14:00:00,C,7.049748035
2023-07-30 15:00:00,A,0.2724558325
2023-07-30 15:00:00,B,12.85899843
2023-07-30 15:00:00,C,8.93719223
2023-07-30 16:00:00,A,0.733908963
2023-07-30 16:00:00,B,18.8595694
2023-07-30 16:00:00,C,17.177529035
2023-07-30 17:00:00,A,1.253958223
2023-07-30 17:00:00,B,20.41079883
2023-07-30 17:00:00,C,29.83746581
2023-07-30 18:00:00,A,1.9445133865
2023-07-30 18:00:00,B,20.944820925
2023-07-30 18:00:00,C,37.853035035
2023-07-30 19:00:00,A,3.252378487
2023-07-30 19:00:00,B,21.21326565
2023-07-30 19:00:00,C,41.216346955
2023-07-30 20:00:00,A,4.8192347535
2023-07-30 20:00:00,B,20.939290745
2023-07-30 20:00:00,C,39.506699885
2023-07-30 21:00:00,A,5.492092445
2023-07-30 21:00:00,B,19.780923635
2023-07-30 21:00:00,C,33.18561199
2023-07-30 22:00:00,A,4.5569283745
2023-07-30 22:00:00,B,18.25809246
2023-07-30 22:00:00,C,25.029921935
2023-07-30 23:00:00,A,3.124496984
2023-07-30 23:00:00,B,15.405425145
2023-07-30 23:00:00,C,16.78999983
2023-07-31 00:00:00,A,1.9752641595
2023-07-31 00:00:00,B,12.184121235
2023-07-31 00:00:00,C,9.86982716
2023-07-31 01:00:00,A,1.24517428
2023-07-31 01:00:00,B,9.24362541
2023-07-31 01:00:00,C,5.15799309
2023-07-31 02:00:00,A,0.804479253
2023-07-31 02:00:00,B,6.486021805
2023-07-31 02:00:00,C,2.8321707875
2023-07-31 03:00:00,A,0.5176781365
2023-07-31 03:00:00,B,4.3429246105
2023-07-31 03:00:00,C,1.796676942
2023-07-31 04:00:00,A,0.3551904465
2023-07-31 04:00:00,B,3.0024748955
2023-07-31 04:00:00,C,1.4369688605
2023-07-31 05:00:00,A,0.2917442655
2023-07-31 05:00:00,B,2.7839951725
2023-07-31 05:00:00,C,1.4632999205
2023-07-31 06:00:00,A,0.3116611125
2023-07-31 06:00:00,B,3.2443818225
2023-07-31 06:00:00,C,2.1026696685
2023-07-31 07:00:00,A,0.410880208
2023-07-31 07:00:00,B,3.8584959825
2023-07-31 07:00:00,C,2.787674395
2023-07-31 08:00:00,A,0.5120638675
2023-07-31 08:00:00,B,4.5273758735
2023-07-31 08:00:00,C,3.2225727435
2023-07-31 09:00:00,A,0.5219917655
2023-07-31 09:00:00,B,4.30945125
2023-07-31 09:00:00,C,2.9406825005
2023-07-31 10:00:00,A,0.5138137965
2023-07-31 10:00:00,B,3.6280286295
2023-07-31 10:00:00,C,2.6319376705
2023-07-31 11:00:00,A,0.584290967
2023-07-31 11:00:00,B,3.2470164235
2023-07-31 11:00:00,C,2.5783045215
2023-07-31 12:00:00,A,0.5989606635
2023-07-31 12:00:00,B,3.2270944425
2023-07-31 12:00:00,C,2.625127799
2023-07-31 13:00:00,A,0.675029837
2023-07-31 13:00:00,B,3.581808245
2023-07-31 13:00:00,C,2.8459770405
2023-07-31 14:00:00,A,0.987429117
2023-07-31 14:00:00,B,4.57863197
2023-07-31 14:00:00,C,3.4085089255
2023-07-31 15:00:00,A,2.149039785
2023-07-31 15:00:00,B,6.834410825
2023-07-31 15:00:00,C,6.39982482
2023-07-31 16:00:00,A,3.220472191
2023-07-31 16:00:00,B,10.532202055
2023-07-31 16:00:00,C,13.044239605
2023-07-31 17:00:00,A,3.4793627405
2023-07-31 17:00:00,B,13.72612275
2023-07-31 17:00:00,C,19.32557084
2023-07-31 18:00:00,A,3.5354458945
2023-07-31 18:00:00,B,16.057567395
2023-07-31 18:00:00,C,25.09779004
2023-07-31 19:00:00,A,3.4108549685
2023-07-31 19:00:00,B,17.29155412
2023-07-31 19:00:00,C,26.498357475
2023-07-31 20:00:00,A,3.187171192
2023-07-31 20:00:00,B,16.863144805
2023-07-31 20:00:00,C,25.80214765
2023-07-31 21:00:00,A,3.023349502
2023-07-31 21:00:00,B,15.2786883
2023-07-31 21:00:00,C,23.51690021
2023-07-31 22:00:00,A,3.0233940415
2023-07-31 22:00:00,B,14.14967222
2023-07-31 22:00:00,C,18.7654599
2023-07-31 23:00:00,A,2.880554549
2023-07-31 23:00:00,B,13.27483095
2023-07-31 23:00:00,C,14.214562885
2023-08-01 00:00:00,A,2.5620291165
2023-08-01 00:00:00,B,12.60637978
2023-08-01 00:00:00,C,10.90699727
